[
  {
    "type": "mapgen",
    "method": "json",
    "om_terrain": [ "basement" ],
    "weight": 250,
    "object": {
      "fill_ter": "t_rock",
      "rotation": [ 0, 3 ],
      "rows": [
        "  --------------------  ",
        "  |..................|  ",
        "  |..{{{{{{{{{{{{{{..|  ",
        "  |..................|  ",
        "  |..................|  ",
        "  |..{{{{{{{{{{{{{{..|  ",
        "  |..................|  ",
        "  |..................|  ",
        "  |..................|  ",
        "  |..........|---+---|  ",
        "  |..........|]......|  ",
        "  |###s##|-+-|].....#|  ",
        "  |------|...+....h.#|  ",
        "         |<..|...####|  ",
        "         -------------  ",
        "                        ",
        "                        ",
        "                        ",
        "                        ",
        "                        ",
        "                        ",
        "                        ",
        "                        ",
        "                        "
      ],
      "terrain": {
        "#": "t_rock_floor",
        "+": "t_door_c",
        "-": "t_wall",
        ".": "t_rock_floor",
        "<": "t_stairs_up",
        "]": "t_rock_floor",
        "h": "t_rock_floor",
        "s": "t_rock_floor",
        "{": "t_rock_floor",
        "|": "t_wall"
      },
      "furniture": {
        "#": "f_counter",
        "]": "f_bookcase",
        "h": "f_chair",
        "s": "f_gunsafe_ml",
        "{": "f_rack"
      },
      "place_loot": [
        { "group": "guns_smg_rare", "x": 6, "y": 2, "chance": 4, "magazine": 100 },
        { "group": "guns_rifle_rare", "x": 7, "y": 2, "chance": 6, "magazine": 100 },
        { "group": "mags_pistol_rare", "x": 8, "y": 2, "chance": 15 },
        { "group": "guns_pistol_common", "x": 9, "y": 2, "chance": 18, "magazine": 100 },
        { "group": "mags_pistol_common", "x": 10, "y": 2, "chance": 20, "repeat": [ 1, 3 ] },
        { "group": "guns_rifle_common", "x": 11, "y": 2, "chance": 16, "magazine": 100 },
        { "group": "guns_shotgun_common", "x": 12, "y": 2, "chance": 16, "magazine": 100 },
        { "group": "mags_rifle_common", "x": 13, "y": 2, "chance": 20, "repeat": [ 1, 3 ] },
        { "group": "guns_smg_common", "x": 14, "y": 2, "chance": 14, "magazine": 100 },
        { "group": "guns_pistol_rare", "x": 15, "y": 2, "chance": 8, "magazine": 100 },
        { "group": "mags_smg_common", "x": 16, "y": 2, "chance": 14, "repeat": [ 1, 2 ] },
        { "group": "guns_shotgun_rare", "x": 17, "y": 2, "chance": 6, "magazine": 100 },
        { "group": "ammo_shotgun_reloaded", "x": 6, "y": 5, "chance": 18, "repeat": [ 1, 2 ] },
        { "group": "ammo_rifle_reloaded", "x": 7, "y": 5, "chance": 18, "repeat": [ 1, 2 ] },
        { "group": "ammo_shotgun_common", "x": 8, "y": 5, "chance": 8, "repeat": [ 1, 2 ] },
        { "group": "ammo_pistol_reloaded", "x": 9, "y": 5, "chance": 18, "repeat": [ 1, 2 ] },
        { "group": "ammo_rifle_reloaded", "x": 10, "y": 5, "chance": 8, "repeat": [ 1, 2 ] },
        { "group": "ammo_rifle_common", "x": 11, "y": 5, "chance": 18, "repeat": [ 1, 2 ] },
        { "group": "ammo_smg_common", "x": 12, "y": 5, "chance": 8, "repeat": [ 1, 2 ] },
        { "group": "ammo_pistol_common", "x": 13, "y": 5, "chance": 18, "repeat": [ 1, 2 ] },
        { "group": "ammo_rifle_common", "x": 14, "y": 5, "chance": 8, "repeat": [ 1, 2 ] },
        { "group": "ammo_pistol_common", "x": 15, "y": 5, "chance": 8, "repeat": [ 1, 2 ] },
        { "group": "ammo_pistol_reloaded", "x": 16, "y": 5, "chance": 8, "repeat": [ 1, 2 ] },
        { "group": "ammo_shotgun_common", "x": 17, "y": 5, "chance": 18, "repeat": [ 1, 2 ] },
        { "group": "book_gunref", "x": 14, "y": [ 10, 11 ], "chance": 12 },
        { "group": "gunmod_common", "x": 4, "y": 11, "chance": 20 },
        { "group": "guns_obscure", "x": 6, "y": 11, "chance": 20, "ammo": 20, "magazine": 100 },
        { "group": "museum_guns", "x": 6, "y": 11, "chance": 14, "ammo": 14, "magazine": 90 },
        { "group": "tools_common", "x": 20, "y": 12, "chance": 20 },
        { "group": "gunmod_rare", "x": 18, "y": 13, "chance": 6 },
        { "group": "gunmod_rare", "x": 19, "y": 13, "chance": 20 }
      ],
      "place_monsters": [
        { "monster": "GROUP_PREPPER_HOUSE", "x": [ 3, 20 ], "y": [ 1, 8 ], "chance": 2 },
        { "monster": "GROUP_PREPPER_HOUSE", "x": [ 14, 20 ], "y": [ 10, 13 ], "chance": 4 }
      ]
    }
  }
]
