[
  {
    "type": "mapgen",
    "method": "json",
    "om_terrain": [ "s_gun" ],
    "weight": 300,
    "object": {
      "rows": [
        "_ssssssssssssssssssssss_",
        "_s@@@@@@@_ssss_@@@@@@@s_",
        "_s||555||_ssss_||555||s_",
        "_s|#####5_ssss_5#####|s_",
        "_s|.....5_ssss_5.....|s_",
        "_s|.....5_ssss_5.....|s_",
        "_s|.....|55++55|.....|s_",
        "_s|..................|s_",
        "_s|..................|s_",
        "_s|....rrr....rrr....|s_",
        "_s|u...rrr....rrr...u|s_",
        "_s|^................^|s_",
        "_||u...rrr....rrr...u|s_",
        "_A|....rrr....rrr....|s_",
        "_||..................|s_",
        "_s|..................|s_",
        "_s||D|||&&&&&&&&||L|||s_",
        "_s|....|..####..|..cE|s_",
        "_s|....|........D...E|s_",
        "_s|S..;|lll##lll|l...|s_",
        "_s|||||||||||||||||L||s_",
        "_ssssssssssssssssssssss_",
        "________________________",
        "________________________"
      ],
      "terrain": {
        "#": "t_floor",
        "&": "t_bars",
        "*": "t_door_locked_alarm",
        "+": "t_door_metal_pickable",
        ".": "t_floor",
        "5": "t_window_bars_alarm",
        ";": "t_floor",
        "@": "t_shrub",
        "A": "t_atm",
        "D": "t_door_c",
        "E": "t_floor",
        "L": "t_door_metal_locked",
        "S": "t_floor",
        "^": "t_floor",
        "_": "t_pavement",
        "c": "t_floor",
        "l": "t_floor",
        "r": "t_floor",
        "s": "t_sidewalk",
        "u": "t_floor",
        "|": "t_wall"
      },
      "furniture": {
        "#": "f_counter",
        "E": "f_desk",
        "S": "f_sink",
        "^": "f_indoor_plant",
        "c": "f_chair",
        "l": "f_locker",
        "r": "f_rack",
        "u": "f_vending_reinforced"
      },
      "toilets": {
        ";": {}
      },
      "place_loot": [
        { "group": "guns_pistol_rare", "x": [ 8, 10 ], "y": 19, "chance": 20, "repeat": [ 1, 2 ], "magazine": 100 },
        { "group": "guns_shotgun_rare", "x": [ 8, 10 ], "y": 19, "chance": 16, "magazine": 100 },
        { "group": "guns_rifle_rare", "x": [ 13, 16 ], "y": 19, "chance": 20, "magazine": 100 },
        { "group": "guns_smg_rare", "x": [ 13, 16 ], "y": 19, "chance": 16, "magazine": 100 },
        { "group": "ammo_rare", "x": [ 10, 13 ], "y": 17, "chance": 20, "repeat": [ 1, 4 ] },
        { "group": "ammo_pistol_common", "x": [ 7, 9 ], "y": [ 9, 10 ], "chance": 20, "repeat": [ 3, 6 ] },
        { "group": "ammo_rifle_common", "x": [ 7, 9 ], "y": 12, "chance": 20, "repeat": [ 1, 4 ] },
        { "group": "ammo_shotgun_common", "x": [ 7, 9 ], "y": 13, "chance": 20, "repeat": [ 1, 3 ] },
        { "group": "guns_pistol_common", "x": 14, "y": [ 9, 10 ], "chance": 15 },
        { "group": "guns_shotgun_common", "x": 15, "y": [ 9, 10 ], "chance": 15 },
        { "group": "guns_rifle_common", "x": 16, "y": [ 9, 10 ], "chance": 15 },
        { "group": "mags_common", "x": [ 14, 16 ], "y": 12, "chance": 20, "repeat": [ 1, 4 ] },
        { "group": "mags_rare", "x": [ 14, 16 ], "y": 13, "chance": 15, "repeat": [ 1, 3 ] },
        { "group": "ammo_pistol_common", "x": 3, "y": 10, "chance": 20, "repeat": [ 3, 15 ] },
        { "group": "ammo_rifle_common", "x": 3, "y": 12, "chance": 20, "repeat": [ 1, 8 ] },
        { "group": "ammo_shotgun_rare", "x": 3, "y": 12, "chance": 10, "repeat": [ 1, 5 ] },
        { "group": "ammo_shotgun_common", "x": 3, "y": 12, "chance": 20, "repeat": [ 1, 8 ] },
        { "group": "ammo_pistol_common", "x": 20, "y": 10, "chance": 20, "repeat": [ 3, 15 ] },
        { "group": "ammo_rifle_common", "x": 20, "y": 12, "chance": 20, "repeat": [ 1, 8 ] },
        { "group": "ammo_rifle_rare", "x": 20, "y": 12, "chance": 10, "repeat": [ 1, 5 ] },
        { "group": "ammo_shotgun_common", "x": 20, "y": 12, "chance": 20, "repeat": [ 1, 8 ] }
      ]
    }
  }
]
