 [
	{
        "type" : "COMESTIBLE",
        "id" : "potato_raw",
        "name" : "raw potato",
        "name_plural" : "raw potatoes",
        "weight" : 210,
        "color" : "brown",
        "spoils_in" : 1440,
        "comestible_type" : "FOOD",
        "symbol" : "%",
        "healthy" : -2,
        "nutrition" : 8,
        "description" : "Mildly toxic and not very tasty raw.  When cooked, it is delicious.",
        "price" : 90,
        "material" : "veggy",
        "volume" : 1,
        "fun" : -3
    },
	{
        "type" : "COMESTIBLE",
        "id" : "bacon",
        "name" : "bacon",
        "name_plural" : "pieces of bacon",
        "weight" : 120,
        "color" : "pink",
        "spoils_in" : 672,
        "container" : "bag_plastic",
        "comestible_type" : "FOOD",
        "symbol" : "%",
        "quench" : -2,
        "healthy" : -1,
        "nutrition" : 31,
        "description" : "A thick slab of salty cured bacon.  Shelf stable, precooked and ready-to-eat, it tastes better when reheated.",
        "price" : 1900,
        "material" : "flesh",
        "volume" : 1,
        "charges" : 8,
        "flags" : ["EATEN_HOT"],
        "fun" : 5
    },
    {
        "type" : "COMESTIBLE",
        "id" : "sausage",
        "name" : "sausage",
        "weight" : 220,
        "color" : "red",
		"spoils_in" : 672,
        "comestible_type" : "FOOD",
        "symbol" : "%",
        "quench" : -1,
        "nutrition" : 32,
        "description" : "A hefty sausage that has been cured for long term storage.",
        "price" : 1600,
        "material" : "flesh",
        "volume" : 2,
        "charges" : 6, "//" : "3 meats here.",
        "flags" : ["EATEN_HOT"],
        "fun" : 5
    },
	    {
        "type" : "COMESTIBLE",
        "id" : "sweet_sausage",
        "name" : "sweet sausage",
        "name_plural" : "sweet sausages",
        "weight" : 220,
        "color" : "brown",
		"spoils_in" : 672,
        "comestible_type" : "FOOD",
        "symbol" : "%",
        "nutrition" : 38,
        "description" : "A sweet and delicious sausage.",
        "price" : 2400,
        "material" : "flesh",
        "volume" : 2,
        "charges" : 4,
        "flags" : ["EATEN_HOT"],
        "fun" : 8
    },
	{
        "type" : "COMESTIBLE",
        "id" : "mannwurst",
        "name" : "Mannwurst",
        "weight" : 220,
        "color" : "red",
		"spoils_in" : 672,
        "comestible_type" : "FOOD",
        "symbol" : "%",
        "quench" : -1,
        "healthy" : -1,
        "nutrition" : 32,
        "description" : "A hefty long pork sausage that has been cured for long term storage.  Very tasty, if you're in the market for human flesh.",
        "price" : 16000, "//" : "Cannibal recipes are expensive pending buyer-side price modifiers.",
        "material" : "hflesh",
        "volume" : 2,
        "charges" : 6,
        "flags" : ["EATEN_HOT"],
        "fun" : 5
	},
	{
        "type" : "COMESTIBLE",
        "id" : "cookies",
        "name" : "cookie",
        "weight" : 38,
        "color" : "brown",
		"spoils_in" : 672,
        "container" : "box_small",
        "comestible_type" : "FOOD",
        "symbol" : "%",
        "quench" : -1,
        "nutrition" : 12,
        "description" : "Sweet and delicious cookies, just like grandma used to bake.",
        "price" : 195,
        "material" : ["wheat", "junk"],
        "volume" : 1,
        "charges" : 4,
        "stack_size" : 20,
        "fun" : 7
    },
    {
        "type" : "COMESTIBLE",
        "id" : "mintpatties",
        "name" : "peppermint patty",
        "name_plural" : "peppermint patties",
        "weight" : 46,
        "color" : "brown",
		"spoils_in" : 672,
        "stim" : 1,
        "container" : "bag_plastic",
        "comestible_type" : "FOOD",
        "symbol" : "%",
        "healthy" : -2,
        "nutrition" : 1,
        "description" : "A big bag of soft chocolate-covered peppermint patties...  yum!",
        "price" : 130,
        "material" : "junk",
        "volume" : 0,
        "charges" : 3,
        "fun" : 4
    },
	{
        "type" : "COMESTIBLE",
        "id" : "granola",
        "name" : "granola",
        "weight" : 86,
        "color" : "brown",
		"spoils_in" : 672,
        "container" : "bag_plastic",
        "comestible_type" : "FOOD",
        "symbol" : "%",
        "quench" : -2,
        "healthy" : 1,
        "nutrition" : 31,
        "description" : "A tasty and nutritious mixture of oats, honey, and other ingredients that has been baked until crisp.",
        "price" : 350,
        "material" : ["wheat", "fruit"],
        "volume" : 2,
        "charges" : 8,
        "fun" : 5
    },
    {
        "type" : "COMESTIBLE",
        "id" : "jam_strawberries",
        "name" : "strawberry jam",
        "weight" : 250,
        "color" : "red",
        "spoils_in" : 480,
        "container" : "jar_3l_glass_sealed",
        "comestible_type" : "DRINK",
        "symbol" : "~",
        "nutrition" : 10,
        "description" : "Fresh strawberries, cooked with sugar to make them last longer.",
        "price" : 80,
        "material" : "fruit",
        "volume" : 1,
        "phase" : "liquid",
        "charges" : 2,
        "fun" : 10,
        "flags" : ["USE_EAT_VERB"]
    },
    {
        "type" : "COMESTIBLE",
        "id" : "jam_blueberries",
        "name" : "blueberry jam",
        "weight" : 250,
        "color" : "blue",
        "spoils_in" : 480,
        "container" : "jar_3l_glass_sealed",
        "comestible_type" : "DRINK",
        "symbol" : "~",
        "nutrition" : 10,
        "description" : "Fresh blueberries, cooked with sugar to make them last longer.",
        "price" : 80,
        "material" : "fruit",
        "volume" : 1,
        "phase" : "liquid",
        "charges" : 2,
        "fun" : 10,
        "flags" : ["USE_EAT_VERB"]
    },
    {
        "type" : "COMESTIBLE",
        "id" : "boiled_egg",
        "name" : "boiled egg",
        "name_plural" : "boiled eggs",
        "weight" : 80,
        "color" : "white",
        "spoils_in" : 360,
        "comestible_type" : "FOOD",
        "symbol" : "o",
        "quench" : -1,
        "healthy" : 1,
        "nutrition" : 38,
        "description" : "A hard boiled egg, still in its shell.  Portable and nutritious!",
        "price" : 95,
        "material" : "egg",
        "volume" : 1,
        "fun" : 2
    },
    {
        "type" : "COMESTIBLE",
        "id" : "ant_egg",
        "name" : "ant egg",
        "weight" : 220,
        "color" : "white",
		"spoils_in" : 1440,
        "comestible_type" : "FOOD",
        "symbol" : "%",
        "quench" : 10,
        "nutrition" : 200,
        "description" : "A large white ant egg, the size of a softball.  Extremely nutritious, but incredibly gross.",
        "price" : 80,
        "material" : "egg",
        "volume" : 1,
        "fun" : -10
    },
	{
        "type" : "COMESTIBLE",
        "id" : "spider_egg",
        "name" : "spider egg",
        "weight" : 220,
        "color" : "white",
		"spoils_in" : 1440,
        "comestible_type" : "FOOD",
        "symbol" : "%",
        "quench" : 10,
        "nutrition" : 20,
        "description" : "A fist sized egg from from a giant spider.  Incredibly gross.",
        "price" : 80,
        "material" : "egg",
        "volume" : 1,
        "fun" : -20
    },
    {
        "type" : "COMESTIBLE",
        "id" : "porkstick",
        "name" : "pork stick",
        "weight" : 56,
        "color" : "brown",
		"spoils_in" : 240,
        "container" : "bag_plastic",
        "comestible_type" : "FOOD",
        "symbol" : "%",
        "quench" : -2,
        "nutrition" : 16,
        "description" : "Salty dried pork.  Tastes good, but it will make you thirsty.",
        "price" : 220,
        "material" : ["flesh", "junk"],
        "volume" : 1,
        "charges" : 4,
        "fun" : 4
    },
	    {
        "type" : "COMESTIBLE",
        "id" : "pretzels",
        "name" : "pretzels",
        "name_plural" : "pretzels",
        "weight" : 185,
        "color" : "brown",
		"spoils_in" : 1440,
        "container" : "bag_plastic",
        "comestible_type" : "FOOD",
        "symbol" : "%",
        "quench" : -4,
        "nutrition" : 9,
        "description" : "A salty treat of a snack.",
        "price" : 185,
        "material" : ["wheat", "junk"],
        "volume" : 1,
        "charges" : 3,
        "fun" : 4
    },
    {
        "type" : "COMESTIBLE",
        "id" : "smores",
        "name" : "s'mores",
        "name_plural" : "s'mores",
        "weight" : 24,
        "color" : "brown",
		"spoils_in" : 672,
        "stim" : 8,
        "container" : "bag_plastic",
        "comestible_type" : "FOOD",
        "symbol" : "%",
        "nutrition" : 2,
        "description" : "A pair of graham crackers with some chocolate and a marshmallow between them.",
        "price" : 400,
        "material" : ["wheat", "junk"],
        "volume" : 1,
        "charges" : 4,
        "fun" : 30
    },
    {
        "type" : "COMESTIBLE",
        "id" : "chocpretzels",
        "name" : "chocolate-covered pretzel",
        "weight" : 185,
        "color" : "brown",
		"spoils_in" : 672,
        "container" : "bag_plastic",
        "comestible_type" : "FOOD",
        "symbol" : "%",
        "quench" : -2,
        "nutrition" : 9,
        "description" : "A salty treat of a snack, covered in chocolate.",
        "price" : 200,
        "material" : ["wheat", "junk"],
        "volume" : 1,
        "charges" : 3,
        "fun" : 6
    },
    {
        "type" : "COMESTIBLE",
        "id" : "garlic",
        "name" : "garlic bulb",
        "weight" : 120,
        "color" : "white",
		"spoils_in" : 1440,
        "comestible_type" : "FOOD",
        "symbol" : "%",
        "quench" : -18,
        "healthy" : 1,
        "nutrition" : 18,
        "description" : "A pungent garlic bulb.  Popular as a seasoning for its strong flavor.",
        "price" : 600,
        "material" : "veggy",
        "volume" : 1,
        "fun" : -18,
        "fun_comment" : "Who in their right mind would eat an entire garlic bulb raw?"
    },
	{
        "type" : "COMESTIBLE",
        "id" : "con_milk",
        "name" : "condensed milk",
        "name_plural" : "condensed milk",
        "weight" : 258,
        "color" : "white",
        "spoils_in" : 240,
        "container" : "can_food",
        "comestible_type" : "DRINK",
        "symbol" : "~",
        "quench" : 20,
        "nutrition" : 11,
        "description" : "Baby cow food, appropriated for adult humans.  Having been canned, this milk should last for a very long time.",
        "price" : 700,
        "material" : ["milk", "junk"],
        "volume" : 1,
        "phase" : "liquid",
        "fun" : 3
    },
    {
        "type" : "COMESTIBLE",
        "id" : "seed_garlic",
        "category": "other",
        "price" : 50,
        "name" : "garlic clove",
        "name_plural" : "garlic cloves",
        "symbol" : ".",
        "color" : "brown",
		"spoils_in" : 1440,
        "description" : "Cloves of garlic.  Useful as a seasoning, or for planting.",
        "material" : "veggy",
        "comestible_type": "FOOD",
        "quench" : -3,
        "nutrition" : 3,
        "volume" : 1,
        "weight" : 1,
        "charges" : 6,
        "stack_size" : 6,
        "fun" : -3,
        "seed_data": {
            "plant_name": "garlic",
            "fruit": "garlic",
            "byproducts": [ "withered" ],
            "grow" : 65
        }
    },
    {
        "type" : "COMESTIBLE",
        "id" : "meat_aspic",
        "name" : "aspic",
        "weight" : 175,
        "color" : "red",
		"spoils_in" : 240,
        "comestible_type" : "FOOD",
        "symbol" : "%",
        "nutrition" : 25, "//": "Same as the meat it's been made from.  It's additional ingredient compared to smoking, jerking, and dehydrating, so there's no incentive otherwise.",
        "description" : "A dish in which meat or fish is set into a gelatin made from a meat or vegetable stock.",
        "price" : 2500,
        "material" : "flesh",
        "volume" : 1,
        "charges" : 2,
        "flags" : ["EATEN_COLD"]
    },
	    {
        "type" : "COMESTIBLE",
        "id" : "veggy_aspic",
        "name" : "vegetable aspic",
        "weight" : 120,
        "color" : "green",
		"spoils_in" : 240,
        "comestible_type" : "FOOD",
        "symbol" : "%",
        "nutrition" : 20,
        "description" : "A dish in which vegetables are set into a gelatin made from a plant stock.",
        "price" : 1500,
        "material" : "veggy",
        "volume" : 2,
        "charges" : 2,
        "flags" : ["EATEN_COLD"]
    },
	    {
        "type" : "COMESTIBLE",
        "id" : "hflesh_aspic",
        "name" : "amoral aspic", "//": "See also: ableist, alogical, antihero, annoying, alliterate (made from illiterate person), antagonist, adversary, arrogant, asocial, the list goes on and on out from the chat where it began...",
        "weight" : 175,
        "color" : "red",
		"spoils_in" : 240,
        "comestible_type" : "FOOD",
        "symbol" : "%",
        "nutrition" : 25,
        "description" : "A dish in which human meat has been set into a gelatin made from human bones.  Murderously delicious - if you're into that sort of thing.",
        "price" : 5000,
        "material" : "hflesh",
        "volume" : 2,
        "charges" : 2,
        "flags" : ["EATEN_COLD"]
    },
	    {
        "type" : "COMESTIBLE",
        "id" : "toastem",
        "name" : "toast-em",
        "weight" : 28,
        "color" : "red",
		"spoils_in" : 672,
        "container" : "box_small",
        "comestible_type" : "FOOD",
        "symbol" : "%",
        "quench" : -8,
        "nutrition" : 10,
        "description" : "Dry toaster pastries usually coated with solid frosting and what luck!  These are strawberry flavored!",
        "price" : 400,
        "material" : ["wheat", "junk"],
        "volume" : 1,
        "charges" : 8,
        "flags" : ["EATEN_HOT"],
        "fun" : 25
    },
    {
        "type" : "COMESTIBLE",
        "id" : "toastem2",
        "name" : "toast-em",
        "weight" : 28,
        "color" : "red",
		"spoils_in" : 672,
        "container" : "box_small",
        "comestible_type" : "FOOD",
        "symbol" : "%",
        "quench" : -8,
        "nutrition" : 10,
        "description" : "Dry toaster pastries, usually coated with solid frosting, these are blueberry flavored!",
        "price" : 400,
        "material" : ["wheat", "junk"],
        "volume" : 1,
        "charges" : 8,
        "flags" : ["EATEN_HOT"],
        "fun" : 18
    },
    {
        "type" : "COMESTIBLE",
        "id" : "toastem3",
        "name" : "toast-em",
        "weight" : 28,
        "color" : "red",
		"spoils_in" : 672,
        "container" : "box_small",
        "comestible_type" : "FOOD",
        "symbol" : "%",
        "quench" : -8,
        "nutrition" : 10,
        "description" : "Dry toaster pastries, usually coated with solid frosting.  Sadly, these are not.",
        "price" : 400,
        "material" : ["wheat", "junk"],
        "volume" : 1,
        "charges" : 8,
        "flags" : ["EATEN_HOT"],
        "fun" : 10
    },
    {
        "type" : "COMESTIBLE",
        "id" : "jam_fruit",
        "name" : "fruit jam",
        "weight" : 250,
        "color" : "red",
        "spoils_in" : 480,
        "container" : "jar_3l_glass_sealed",
        "comestible_type" : "DRINK",
        "symbol" : "~",
        "nutrition" : 10,
        "description" : "Fresh fruit, cooked with sugar to make them last longer.",
        "price" : 80,
        "material" : "fruit",
        "volume" : 1,
        "phase" : "liquid",
        "charges" : 2,
        "fun" : 10,
        "flags" : ["USE_EAT_VERB"]
    }
]