[
  {
    "type": "mapgen",
    "method": "json",
    "om_terrain": [ "bunker" ],
    "object": {
      "rows": [
        "                        ",
        " -----------------------",
        " |                     |",
        " |                     |",
        " |                     |",
        " |                     |",
        " |                     |",
        " |     MMMMMMMMMM      |",
        " |     MMMMMMMMMM      |",
        " |     MMMM>>MMMM      |",
        " |     MM,,,,,,MM      |",
        " |     MMMM,,MMMM      |",
        " |     MM,,,,,,MM      |",
        " //*/  MMMM,,MMMM   /*//",
        " I#,/  MM,,,,,,MM   /,#I",
        " I00/  MMMMDDMMMM   /00I",
        " |     MMMM  6MMM      |",
        " +                     +",
        " +                     +",
        " +                     +",
        " +                     +",
        " +                     +",
        " +-------++++++--------+",
        "                        "
      ],
      "terrain": {
        " ": [ "t_grass", "t_grass", "t_grass", "t_dirt" ],
        "#": "t_floor",
        "*": "t_door_c",
        "+": "t_chaingate_l",
        ",": "t_floor",
        "-": "t_chainfence_h",
        "/": "t_concrete_wall",
        "0": "t_window",
        "6": "t_card_military",
        ">": "t_stairs_down",
        "D": "t_door_metal_locked",
        "I": "t_reinforced_glass",
        "M": "t_wall_metal",
        "|": "t_chainfence_v"
      },
      "furniture": {
        "#": "f_table"
      },
      "place_monster": [
        { "monster": "mon_turret_rifle", "x": 9, "y": 10 },
        { "monster": "mon_turret_rifle", "x": 14, "y": 10 },
        { "monster": "mon_turret_rifle", "x": 9, "y": 12 },
        { "monster": "mon_turret_rifle", "x": 14, "y": 12 },
        { "monster": "mon_turret_rifle", "x": 9, "y": 14 },
        { "monster": "mon_turret_rifle", "x": 14, "y": 14 }
      ]
    }
  },
  {
    "type": "mapgen",
    "method": "json",
    "om_terrain": [ "bunker_basement" ],
    "object": {
      "//": "TODO: When it was hardcoded, each room had at most one of the bots, grenades, etc. groups in it, but the way it is now, it's possible for a room to have items from both the bots and grenades group in it.",
      "rows": [
        "########################",
        "#MMMMMMMMMMMMMMMMMMMMMM#",
        "#M       6    6       M#",
        "#M       +    +       M#",
        "#M       |    |       M#",
        "#M       |    |       M#",
        "#M       |    |       M#",
        "#M       M    M       M#",
        "#MMMMMMMMM    MMMMMMMMM#",
        "#M       6    6       M#",
        "#M       +    +       M#",
        "#M       |    |       M#",
        "#M       |    |       M#",
        "#M       |    |       M#",
        "#M       M    M       M#",
        "#MMMMMMMMM    MMMMMMMMM#",
        "#M       6    6       M#",
        "#M       +    +       M#",
        "#M       |    |       M#",
        "#M       |    |       M#",
        "#M       |    |       M#",
        "#M       M << M       M#",
        "#MMMMMMMMMMMMMMMMMMMMMM#",
        "########################"
      ],
      "terrain": {
        " ": "t_floor",
        "#": "t_rock",
        "+": "t_door_metal_locked",
        "6": "t_card_military",
        "<": "t_stairs_up",
        "M": "t_wall_metal",
        "|": "t_reinforced_glass"
      },
      "place_items": [
        { "item": "bunker_basement_loot", "x": [ 2, 8 ], "y": [ 2, 7 ], "chance": 16 },
        { "item": "bunker_basement_loot", "x": [ 2, 8 ], "y": [ 9, 14 ], "chance": 16 },
        { "item": "bunker_basement_loot", "x": [ 2, 8 ], "y": [ 16, 21 ], "chance": 16 },
        { "item": "bunker_basement_loot", "x": [ 15, 21 ], "y": [ 2, 7 ], "chance": 16 },
        { "item": "bunker_basement_loot", "x": [ 15, 21 ], "y": [ 9, 14 ], "chance": 16 },
        { "item": "bunker_basement_loot", "x": [ 15, 21 ], "y": [ 16, 21 ], "chance": 16 }
      ]
    }
  },
  {
    "id": "bunker_basement_loot",
    "type": "item_group",
    "subtype": "distribution",
    "ammo": 100,
    "entries": [
      { "group": "bots", "prob": 1 },
      { "group": "guns_launcher_milspec", "prob": 1 },
      { "group": "guns_rifle_milspec", "prob": 2 },
      { "group": "mags_milspec", "prob": 1 },
      { "group": "ammo_milspec", "prob": 3 },
      { "group": "grenades", "prob": 1 },
      { "group": "mil_armor", "prob": 1 },
      { "group": "mil_hw", "prob": 1 },
      { "group": "mil_food", "prob": 2 },
      { "group": "bionics_mil", "prob": 1 }
    ]
  }
]
