[
  {
    "id": "sig_p230",
    "type": "GUN",
    "name": "SIG Sauer P230",
    "name_plural": "SIG Sauer P230",
    "description": "The SIG Sauer P230 is a small, semi-automatic handgun chambered in .32 ACP.  Due to its small dimensions, it was often carried as a backup weapon.",
    "weight": 460,
    "volume": 1,
    "price": 43000,
    "to_hit": -1,
    "bashing": 8,
    "material": [ "steel", "wood" ],
    "symbol": "(",
    "color": "dark_gray",
    "ammo": "32",
    "skill": "pistol",
    "dispersion": 80,
    "durability": 8,
    "valid_mod_locations": [ [ "accessories", 2 ], [ "barrel", 1 ], [ "bore", 1 ], [ "grip", 1 ], [ "mechanism", 4 ], [ "muzzle", 1 ], [ "rail", 1 ], [ "sights", 1 ], [ "stock", 1 ], [ "underbarrel", 1 ] ],
    "magazine_well": 1,
    "magazines": [ [ "32", [ "sigp230mag" ] ] ]
  },
  {
    "id": "skorpion_61",
    "type": "GUN",
    "name": "Skorpion Vz. 61",
    "description": "The Skorpion Vz. 61 is a Czechoslovak submachine gun from the 1950s, chambered in .32 ACP.",
    "weight": 1060,
    "volume": 3,
    "price": 150000,
    "to_hit": -2,
    "bashing": 9,
    "material": "steel",
    "symbol": "(",
    "color": "dark_gray",
    "ammo": "32",
    "skill": "smg",
    "dispersion": 60,
    "durability": 6,
    "burst": 8,
    "valid_mod_locations": [ [ "accessories", 3 ], [ "barrel", 1 ], [ "bore", 1 ], [ "grip", 1 ], [ "mechanism", 4 ], [ "muzzle", 1 ], [ "rail", 1 ], [ "sights", 1 ], [ "stock", 1 ], [ "underbarrel", 1 ] ],
    "magazines": [ [ "32", [ "skorpion61mag" ] ] ]
  },
  {
    "id": "walther_ppk",
    "type": "GUN",
    "name": "Walther PPK",
    "name_plural": "Walther PPK",
    "description": "One of the most famous handguns of the 20th century.  Your name is not Bond, but you might find this little gun still useful.",
    "weight": 525,
    "volume": 1,
    "price": 45000,
    "to_hit": -1,
    "bashing": 8,
    "material": [ "steel", "wood" ],
    "symbol": "(",
    "color": "light_gray",
    "ammo": "32",
    "skill": "pistol",
    "dispersion": 80,
    "durability": 8,
    "valid_mod_locations": [ [ "accessories", 2 ], [ "barrel", 1 ], [ "bore", 1 ], [ "grip", 1 ], [ "mechanism", 4 ], [ "muzzle", 1 ], [ "rail", 1 ], [ "sights", 1 ], [ "stock", 1 ], [ "underbarrel", 1 ] ],
    "magazine_well": 1,
    "magazines": [ [ "32", [ "ppkmag" ] ] ]
  }
]
