[
  {
    "id": "ak47",
    "type": "GUN",
    "name": "AKM",
    "description": "One of the most recognizable assault rifles ever made, the AKM is renowned for its durability even under the worst conditions.",
    "weight": 2710,
    "volume": 7,
    "price": 290000,
    "to_hit": -1,
    "bashing": 12,
    "material": [ "steel", "wood" ],
    "symbol": "(",
    "color": "brown",
    "ammo": "762",
    "skill": "rifle",
    "dispersion": 30,
    "durability": 9,
    "burst": 8,
    "barrel_length": 1,
    "valid_mod_locations": [ [ "accessories", 4 ], [ "barrel", 1 ], [ "bore", 1 ], [ "grip", 1 ], [ "mechanism", 4 ], [ "muzzle", 1 ], [ "rail", 1 ], [ "sights", 1 ], [ "stock", 1 ], [ "underbarrel", 1 ] ],
    "magazines": [
      [ "762", [ "akmmag", "akmbigmag" ] ],
      [ "223", [ "stanag30", "stanag10", "stanag50" ] ],
      [ "308", [ "g3mag", "g3bigmag" ] ]
    ],
    "flags": [ "NEVER_JAMS" ]
  },
  {
    "id": "arx160",
    "type": "GUN",
    "name": "Beretta ARX-160",
    "name_plural": "Beretta ARX-160",
    "description": "The Beretta ARX-160 was a Phase II contender in the United States Army Individual Carbine competition to replace the M4 carbine.  It failed to replace it, but it is widely used by military all around the world.  This version is chambered for 7.62x39mm.",
    "weight": 3000,
    "volume": 7,
    "price": 450000,
    "to_hit": -1,
    "bashing": 11,
    "material": "steel",
    "symbol": "(",
    "color": "blue",
    "ammo": "762",
    "skill": "rifle",
    "dispersion": 30,
    "durability": 9,
    "burst": 3,
    "barrel_length": 1,
    "valid_mod_locations": [ [ "accessories", 4 ], [ "barrel", 1 ], [ "bore", 1 ], [ "grip", 1 ], [ "mechanism", 4 ], [ "muzzle", 1 ], [ "rail", 1 ], [ "sights", 1 ], [ "stock", 1 ], [ "underbarrel", 1 ] ],
    "magazines": [
      [ "762", [ "akmmag", "akmbigmag" ] ],
      [ "223", [ "stanag30", "stanag10", "stanag50" ] ],
      [ "308", [ "g3mag", "g3bigmag" ] ]
    ]
  },
  {
    "id": "sks",
    "type": "GUN",
    "name": "SKS",
    "description": "Developed by the Soviets in 1945, this rifle was quickly replaced by the full-auto AK47.  However, due to its superb accuracy, low recoil and deployable intergrated bayonet, this gun maintains immense popularity.",
    "weight": 3850,
    "volume": 10,
    "price": 38000,
    "to_hit": -1,
    "bashing": 12,
    "material": [ "steel", "wood" ],
    "symbol": "(",
    "color": "brown",
    "ammo": "762",
    "skill": "rifle",
    "ranged_damage": 1,
    "dispersion": 15,
    "durability": 8,
    "clip_size": 10,
    "barrel_length": 2,
    "built_in_mods": [ "inter_bayonet" ],
    "valid_mod_locations": [ [ "accessories", 4 ], [ "barrel", 1 ], [ "bore", 1 ], [ "grip", 1 ], [ "mechanism", 4 ], [ "muzzle", 1 ], [ "rail", 1 ], [ "sights", 1 ], [ "stock", 1 ], [ "underbarrel", 1 ] ],
    "flags": [ "RELOAD_ONE", "NEVER_JAMS" ]
  }
]
