[
  {
    "id": "ppsh",
    "type": "GUN",
    "name": "PPSh-41",
    "description": "The Soviet-made PPSh-41 is a mass-produced selective-fire submachine gun.  It has a relatively high rate of fire.",
    "weight": 3630,
    "volume": 7,
    "price": 280000,
    "to_hit": -2,
    "bashing": 10,
    "material": [ "steel", "wood" ],
    "symbol": "(",
    "color": "brown",
    "ammo": "762x25",
    "skill": "smg",
    "range": 2,
    "ranged_damage": 2,
    "dispersion": 20,
    "durability": 8,
    "barrel_length": 2,
    "modes": [
      [ "DEFAULT", "semi-auto", 1 ],
      [ "AUTO", "auto", 12 ]
    ],
    "valid_mod_locations": [ [ "accessories", 3 ], [ "barrel", 1 ], [ "grip", 1 ], [ "mechanism", 4 ], [ "muzzle", 1 ], [ "sights", 1 ], [ "stock", 1 ], [ "underbarrel", 1 ] ],
    "magazines": [ [ "762x25", [ "ppshmag", "ppshdrum" ] ] ]
  },
  {
    "id": "tokarev",
    "copy-from": "pistol_base",
    "type": "GUN",
    "name": "Tokarev TT-33",
    "name_plural": "Tokarev TT-33",
    "//": "And it's therefore expensive.",
    "description": "The Tokarev TT-33 is an antique Russian semiautomatic pistol, famous for its durability, accuracy, and uncomfortable grip angle.  It was chambered for the 7.62x25mm due to the popularity of the C96 pistol among Russian revolutionaries.",
    "weight": 798,
    "volume": 2,
    "price": 100000,
    "to_hit": -2,
    "bashing": 10,
    "material": [ "steel", "plastic" ],
    "ammo": "762x25",
    "dispersion": 40,
    "durability": 7,
    "magazine_well": 1,
    "magazines": [ [ "762x25", [ "tokarevmag" ] ] ]
  }
]
