[
  {
    "id": "blunderbuss",
    "type": "GUN",
    "name": "blunderbuss",
    "name_plural": "blunderbusses",
    "description": "A homemade version of a crude precursor to the shotgun.  Able to fire just about anything you put down the barrel, but it will degrade pretty quick.",
    "weight": 8267,
    "volume": 12,
    "price": 15000,
    "to_hit": -1,
    "bashing": 12,
    "material": [ "steel", "wood" ],
    "symbol": "(",
    "color": "brown",
    "ammo": "blunderbuss",
    "skill": "shotgun",
    "dispersion": 95,
    "durability": 3,
    "loudness": 200,
    "clip_size": 1,
    "reload": 300,
    "valid_mod_locations": [ [ "stock", 1 ] ],
    "flags": [ "RELOAD_ONE" ]
  }
]
