[
  {
    "id": "flaregun",
    "type": "GUN",
    "name": "flaregun",
    "description": "A plastic single shot pistol that can be loaded with signal flares.",
    "weight": 213,
    "volume": 2,
    "price": 5000,
    "material": [ "plastic", "steel" ],
    "symbol": "(",
    "color": "light_red",
    "ammo": "signal_flare",
    "skill": "pistol",
    "dispersion": 100,
    "durability": 7,
    "loudness": 40,
    "clip_size": 1,
    "valid_mod_locations": [ [ "accessories", 4 ], [ "grip", 1 ], [ "stock", 1 ] ],
    "flags": [ "RELOAD_ONE", "WATERPROOF_GUN", "NEVER_JAMS", "RELOAD_EJECT" ]
  }
]
