[
  {
    "abstract": "40mm_grenade",
    "type": "AMMO",
    "name": "40mm grenade",
    "weight": 230,
    "volume": 1,
    "price": 40000,
    "material": [ "steel", "powder" ],
    "symbol": "=",
    "color": "yellow",
    "count": 1,
    "stack_size": 1,
    "ammo_type": "40mm",
    "casing": "40mm_casing",
    "range": 40,
    "damage": 5,
    "dispersion": 30,
    "recoil": 225,
    "effects": [ "COOKOFF", "NEVER_MISFIRES" ]
  },
  {
    "id": "40mm_beanbag",
    "copy-from": "40mm_grenade",
    "type": "AMMO",
    "name": "40mm beanbag",
    "description": "A 40mm beanbag that deals massive, but less-lethal, force.",
    "extend": { "effects": [ "LARGE_BEANBAG" ] }
  },
  {
    "id": "40mm_concussive",
    "copy-from": "40mm_grenade",
    "type": "AMMO",
    "name": "40mm concussive",
    "description": "A 40mm grenade with a concussive explosion load.",
    "extend": { "effects": [ "EXPLOSIVE" ] }
  },
  {
    "id": "40mm_flare",
    "copy-from": "40mm_grenade",
    "type": "AMMO",
    "name": "40mm flare",
    "description": "A 40mm signal flare.  It will burn brightly for up to a minute, and will also leave a streak of smoke cover in its wake.",
    "drop": "handflare_lit",
    "extend": { "effects": [ "TRAIL", "NO_EMBED" ] }
  },
  {
    "id": "40mm_flashbang",
    "copy-from": "40mm_grenade",
    "type": "AMMO",
    "name": "40mm flashbang",
    "description": "A 40mm grenade with a flashbang load.  It will detonate with a blast of light and sound, designed to blind, deafen, and disorient anyone nearby.",
    "extend": { "effects": [ "FLASHBANG" ] }
  },
  {
    "id": "40mm_flechette",
    "copy-from": "40mm_shot",
    "type": "AMMO",
    "name": "40mm flechette",
    "description": "A 40mm grenade with an armor-piercing flechette load.",
    "relative": {
      "damage": -10,
      "pierce": 30
    }
  },
  {
    "id": "40mm_frag",
    "copy-from": "40mm_grenade",
    "type": "AMMO",
    "name": "40mm frag",
    "description": "A 40mm grenade with a small explosive load and a high number of damaging fragments.",
    "extend": { "effects": [ "FRAG" ] }
  },
  {
    "id": "40mm_incendiary",
    "copy-from": "40mm_grenade",
    "type": "AMMO",
    "name": "40mm incendiary",
    "description": "A 40mm grenade with a small napalm load, designed to create a burst of flame.",
    "extend": { "effects": [ "NAPALM" ] }
  },
  {
    "id": "40mm_shot",
    "copy-from": "40mm_grenade",
    "type": "AMMO",
    "name": "40mm buckshot",
    "description": "A 40mm grenade with a buckshot load.",
    "range": 12,
    "damage": 70,
    "recoil": 525,
    "extend": { "effects": [ "SHOT" ] }
  },
  {
    "id": "40mm_smoke",
    "copy-from": "40mm_grenade",
    "type": "AMMO",
    "name": "40mm smoke cover",
    "description": "A 40mm grenade designed to provide smoke cover.",
    "drop": "smokebomb_act",
    "extend": { "effects": [ "TRAIL", "NO_EMBED" ] }
  },
  {
    "id": "40mm_teargas",
    "copy-from": "40mm_grenade",
    "type": "AMMO",
    "name": "40mm teargas",
    "description": "A 40mm grenade with a teargas load.  It will burst in a cloud of highly incapacitating gas.",
    "drop": "gasbomb_act",
    "extend": { "effects": [ "NO_EMBED" ] }
  }
]
