[
  {
    "id": "454_Casull",
    "type": "AMMO",
    "name": ".454 Casull",
    "description": ".454 Casull ammunition with 300gr jacketed soft point bullets.  The .454 Casull round is derived from .45 Long Colt with a stronger, lengthened case.  It is an exceptionally powerful cartridge with higher stopping power than many rifle rounds, although it suffers from extreme recoil making it unsuitable for most purposes.",
    "weight": 16,
    "volume": 1,
    "price": 2400,
    "material": [ "steel", "powder" ],
    "symbol": "=",
    "color": "light_gray",
    "count": 8,
    "stack_size": 6,
    "ammo_type": "454",
    "casing": "454_casing",
    "range": 16,
    "damage": 48,
    "pierce": 8,
    "dispersion": 30,
    "recoil": 2500,
    "effects": [ "COOKOFF" ]
  },
  {
    "id": "reloaded_454_Casull",
    "copy-from": "454_Casull",
    "type": "AMMO",
    "name": "reloaded .454 Casull",
    "proportional": {
      "price": 0.7,
      "damage": 0.9,
      "dispersion": 1.1
    },
    "extend": { "effects": [ "RECYCLED" ] },
    "delete": { "effects": [ "NEVER_MISFIRES" ] }
  }
]
