[
  {
    "id": "57mm",
    "type": "AMMO",
    "name": "5.7x28mm SS190",
    "description": "5.7x28mm ammunition with 31gr AP FMJ bullets.  The 5.7x28mm cartridge was designed by FN Herstal to replace the 9x19mm round in NATO use.  Although the project to replace 9x19mm Parabellum was effectively canceled the 5.7x28mm round has seen action in many conflicts and has proven to be reliable.  It has very low recoil and its armor penetration is a defining feature.",
    "weight": 6,
    "volume": 1,
    "price": 5000,
    "material": [ "steel", "powder" ],
    "symbol": "=",
    "color": "dark_gray",
    "count": 16,
    "stack_size": 24,
    "ammo_type": "57",
    "casing": "57mm_casing",
    "range": 14,
    "damage": 20,
    "pierce": 18,
    "dispersion": 40,
    "recoil": 90,
    "effects": [ "COOKOFF" ]
  },
  {
    "id": "reloaded_57mm",
    "copy-from": "57mm",
    "type": "AMMO",
    "name": "reloaded 5.7x28mm",
    "proportional": {
      "price": 0.7,
      "damage": 0.9,
      "dispersion": 1.1
    },
    "extend": { "effects": [ "RECYCLED" ] },
    "delete": { "effects": [ "NEVER_MISFIRES" ] }
  }
]
