[
  {
    "id": "5x50dart",
    "type": "AMMO",
    "name": "RA110 5x50mm flechette",
    "description": "Designed to defeat modern body armor, the Rivtech 5x50mm flechette round features a biodegradable sabot and a single, fin-stabilized penetrator.",
    "weight": 2,
    "volume": 1,
    "price": 5000,
    "material": [ "plastic", "powder" ],
    "symbol": "=",
    "color": "green",
    "count": 40,
    "stack_size": 80,
    "ammo_type": "5x50",
    "casing": "5x50_hull",
    "range": 60,
    "damage": 20,
    "pierce": 30,
    "dispersion": 60,
    "recoil": 400,
    "effects": [ "COOKOFF", "NEVER_MISFIRES" ]
  },
  {
    "id": "5x50heavy",
    "copy-from": "5x50dart",
    "type": "AMMO",
    "name": "RA119 5x50mm penetrator",
    "description": "Designed to defeat modern body armor, the Rivtech 5x50mm RA119 penetrator round features a biodegradable sabot and a single, fin-stabilized tungsten alloy projectile.",
    "weight": 3,
    "price": 7500,
    "relative": {
      "range": -10,
      "damage": 5,
      "pierce": 20,
      "dispersion": 20
    },
    "proportional": { "recoil": 1.1 }
  }
]
