[
  {
    "id": "762_m43",
    "type": "AMMO",
    "name": "7.62x39mm M43",
    "description": "7.62x39mm M43 ammunition with 123gr steel core FMJ bullets.  Developed in WW2 by the Soviet Union the 7.62x39mm round rapidly became extremely popular all over the world.  The bullet has poor wounding potential due to its stability, only begining to yaw after 26cm.",
    "weight": 13,
    "volume": 1,
    "price": 5200,
    "material": [ "steel", "powder" ],
    "symbol": "=",
    "color": "dark_gray",
    "count": 12,
    "stack_size": 8,
    "ammo_type": "762",
    "casing": "762_casing",
    "range": 30,
    "damage": 36,
    "pierce": 8,
    "dispersion": 35,
    "recoil": 1600,
    "effects": [ "COOKOFF", "NEVER_MISFIRES" ]
  },
  {
    "id": "762_m87",
    "copy-from": "762_m43",
    "type": "AMMO",
    "name": "7.62x39mm M67",
    "description": "7.62x39mm M67 rounds.  The inadequate terminal ballistics of the M43 round led to the development of the M67 round in Yugoslavia in the 1960s.  It destabilizes much faster than M43 after hitting a target leading to greater damage.",
    "price": 6800,
    "relative": {
      "damage": 8,
      "pierce": 2
    }
  },
  {
    "id": "reloaded_762_m43",
    "copy-from": "762_m43",
    "type": "AMMO",
    "name": "reloaded 7.62x39mm M43",
    "proportional": {
      "price": 0.7,
      "damage": 0.9,
      "dispersion": 1.1
    },
    "extend": { "effects": [ "RECYCLED" ] },
    "delete": { "effects": [ "NEVER_MISFIRES" ] }
  },
  {
    "id": "reloaded_762_m87",
    "copy-from": "762_m87",
    "type": "AMMO",
    "name": "reloaded 7.62x39mm M67",
    "proportional": {
      "price": 0.7,
      "damage": 0.9,
      "dispersion": 1.1
    },
    "extend": { "effects": [ "RECYCLED" ] },
    "delete": { "effects": [ "NEVER_MISFIRES" ] }
  }
]
