[
  {
    "id": "combatnail",
    "copy-from": "nail",
    "type": "AMMO",
    "name": "flechette",
    "description": "A tiny steel dart.  Can be fired from a nail gun or similar weapon or used when crafting ammunition",
    "material": "steel",
    "symbol": "=",
    "color": "dark_gray",
    "proportional": {
      "price": 3,
      "damage": 3,
      "pierce": 3
    }
  },
  {
    "id": "nail",
    "type": "AMMO",
    "category": "spare_parts",
    "name": "nail",
    "description": "A box of nails, mainly useful with a hammer.",
    "weight": 4,
    "volume": 1,
    "price": 6000,
    "material": "iron",
    "symbol": "=",
    "color": "cyan",
    "count": 40,
    "stack_size": 40,
    "ammo_type": "nail",
    "range": 3,
    "damage": 4,
    "pierce": 3,
    "dispersion": 120
  }
]
