[
  {
    "id": "beetle",
    "type": "vehicle",
    "name": "Beetle",
    "blueprint": [
      [ "o+-o" ],
      [ "|=|=" ],
      [ "|=|=" ],
      [ "o+-o" ]
    ],
    "parts": [
      { "x": 0, "y": 0, "part": "frame_vertical_2" },
      { "x": 0, "y": 0, "part": "seat" },
      { "x": 0, "y": 0, "part": "seatbelt" },
      { "x": 0, "y": 0, "part": "roof" },
      { "x": 0, "y": 0, "part": "controls" },
      { "x": 0, "y": 0, "part": "vehicle_alarm" },
      { "x": 0, "y": 0, "part": "horn_car" },
      { "x": 0, "y": 1, "part": "frame_vertical_2" },
      { "x": 0, "y": 1, "part": "seat" },
      { "x": 0, "y": 1, "part": "seatbelt" },
      { "x": 0, "y": 1, "part": "roof" },
      { "x": 0, "y": -1, "part": "frame_vertical" },
      { "x": 0, "y": -1, "part": "door" },
      { "x": 0, "y": 2, "part": "frame_vertical" },
      { "x": 0, "y": 2, "part": "door" },
      { "x": 1, "y": 0, "part": "frame_horizontal" },
      { "x": 1, "y": 0, "part": "windshield" },
      { "x": 1, "y": 1, "part": "frame_horizontal" },
      { "x": 1, "y": 1, "part": "windshield" },
      { "x": 1, "y": -1, "part": "frame_vertical" },
      { "x": 1, "y": -1, "part": "windshield" },
      { "x": 1, "y": 2, "part": "frame_vertical" },
      { "x": 1, "y": 2, "part": "windshield" },
      { "x": -1, "y": 0, "part": "frame_ne" },
      { "x": -1, "y": 0, "part": "halfboard_ne" },
      { "x": -1, "y": 0, "part": "engine_inline4" },
      { "x": -1, "y": 0, "part": "alternator_car" },
      { "x": -1, "y": 0, "part": "battery_car" },
      { "x": -1, "y": 1, "part": "frame_nw" },
      { "x": -1, "y": 1, "part": "halfboard_nw" },
      { "x": -1, "y": -1, "part": "frame_horizontal" },
      { "x": -1, "y": -1, "part": "halfboard_sw" },
      { "x": -1, "y": -1, "part": "wheel" },
      { "x": -1, "y": 2, "part": "frame_horizontal" },
      { "x": -1, "y": 2, "part": "halfboard_se" },
      { "x": -1, "y": 2, "part": "wheel" },
      { "x": 2, "y": 0, "part": "frame_vertical_2" },
      { "x": 2, "y": 0, "part": "trunk" },
      { "x": 2, "y": 1, "part": "frame_vertical_2" },
      { "x": 2, "y": 1, "part": "trunk" },
      { "x": 2, "y": 1, "part": "tank", "fuel": "gasoline" },
      { "x": 2, "y": -1, "part": "frame_nw" },
      { "x": 2, "y": -1, "part": "halfboard_nw" },
      { "x": 2, "y": -1, "part": "headlight" },
      { "x": 2, "y": -1, "part": "wheel_steerable" },
      { "x": 2, "y": 2, "part": "frame_ne" },
      { "x": 2, "y": 2, "part": "halfboard_ne" },
      { "x": 2, "y": 2, "part": "headlight" },
      { "x": 2, "y": 2, "part": "wheel_steerable" }
    ],
    "items": [
      { "x": 0, "y": 0, "chance": 8, "item_groups": [ "car_misc" ] },
      { "x": 2, "y": 0, "chance": 6, "item_groups": [ "car_kit" ] },
      { "x": 2, "y": 1, "chance": 8, "item_groups": [ "car_kit" ] },
      { "x": 2, "y": 1, "chance": 8, "items": [ "jack_small", "wheel" ] }
    ]
  },
  {
    "id": "bubble_car",
    "type": "vehicle",
    "name": "Bubble Car",
    "blueprint": [
      [ " --- " ],
      [ "+o#o-" ],
      [ "|=##|" ],
      [ "+o#o-" ],
      [ " --- " ]
    ],
    "parts": [
      { "x": -1, "y": 0, "part": "frame_vertical_2" },
      { "x": -1, "y": 0, "part": "seat" },
      { "x": -1, "y": 0, "part": "engine_electric" },
      { "x": -1, "y": 0, "part": "minireactor" },
      { "x": -1, "y": 0, "part": "seatbelt" },
      { "x": -1, "y": 0, "part": "roof" },
      { "x": -1, "y": 1, "part": "frame_vertical_2" },
      { "x": -1, "y": 1, "part": "seat" },
      { "x": -1, "y": 1, "part": "seatbelt" },
      { "x": -1, "y": 1, "part": "roof" },
      { "x": -1, "y": -1, "part": "frame_vertical_2" },
      { "x": -1, "y": -1, "part": "seat" },
      { "x": -1, "y": -1, "part": "seatbelt" },
      { "x": -1, "y": -1, "part": "roof" },
      { "x": -1, "y": 2, "part": "frame_vertical" },
      { "x": -1, "y": 2, "part": "windshield" },
      { "x": -1, "y": -2, "part": "frame_vertical" },
      { "x": -1, "y": -2, "part": "windshield" },
      { "x": 0, "y": 0, "part": "frame_horizontal" },
      { "x": 0, "y": 0, "part": "seat" },
      { "x": 0, "y": 0, "part": "seatbelt" },
      { "x": 0, "y": 0, "part": "roof" },
      { "x": 0, "y": 0, "part": "drive_by_wire_controls" },
      { "x": 0, "y": 0, "part": "vehicle_alarm" },
      { "x": 0, "y": 0, "part": "horn_car" },
      { "x": -1, "y": 0, "part": "headlight" },
      { "x": 0, "y": 1, "part": "frame_cross" },
      { "x": 0, "y": 1, "part": "wheel_steerable" },
      { "x": 0, "y": 1, "part": "windshield" },
      { "x": 0, "y": -1, "part": "frame_cross" },
      { "x": 0, "y": -1, "part": "wheel_steerable" },
      { "x": 0, "y": -1, "part": "windshield" },
      { "x": 0, "y": 2, "part": "frame_ne" },
      { "x": 0, "y": 2, "part": "windshield" },
      { "x": 0, "y": -2, "part": "frame_nw" },
      { "x": 0, "y": -2, "part": "windshield" },
      { "x": -2, "y": 0, "part": "frame_horizontal" },
      { "x": -2, "y": 0, "part": "small_storage_battery" },
      { "x": -2, "y": 0, "part": "trunk" },
      { "x": -2, "y": 0, "part": "roof" },
      { "x": -2, "y": 1, "part": "frame_cross" },
      { "x": -2, "y": 1, "part": "wheel_steerable" },
      { "x": -2, "y": 1, "part": "windshield" },
      { "x": -2, "y": -1, "part": "frame_cross" },
      { "x": -2, "y": -1, "part": "wheel_steerable" },
      { "x": -2, "y": -1, "part": "windshield" },
      { "x": -2, "y": 2, "part": "frame_sw" },
      { "x": -2, "y": 2, "part": "door" },
      { "x": -2, "y": -2, "part": "frame_se" },
      { "x": -2, "y": -2, "part": "door" },
      { "x": 1, "y": 0, "part": "frame_horizontal" },
      { "x": 1, "y": 0, "part": "windshield" },
      { "x": 1, "y": 1, "part": "frame_ne" },
      { "x": 1, "y": 1, "part": "windshield" },
      { "x": 1, "y": -1, "part": "frame_nw" },
      { "x": 1, "y": -1, "part": "windshield" },
      { "x": -3, "y": 0, "part": "frame_horizontal" },
      { "x": -3, "y": 0, "part": "windshield" },
      { "x": -3, "y": 1, "part": "frame_se" },
      { "x": -3, "y": 1, "part": "windshield" },
      { "x": -3, "y": -1, "part": "frame_sw" },
      { "x": -3, "y": -1, "part": "windshield" }
    ],
    "items": [
      { "x": -2, "y": 0, "chance": 3, "item_groups": [ "car_kit" ] },
      { "x": -2, "y": 0, "chance": 3, "items": [ "jack_small", "wheel" ] }
    ]
  },
  {
    "id": "car",
    "type": "vehicle",
    "name": "Car",
    "blueprint": [
      [ "o-++-o" ],
      [ "+=##'|" ],
      [ "+=##'|" ],
      [ "o-++-o" ]
    ],
    "parts": [
      { "x": 0, "y": 0, "part": "frame_vertical_2" },
      { "x": 0, "y": 0, "part": "reclining_seat" },
      { "x": 0, "y": 0, "part": "seatbelt" },
      { "x": 0, "y": 0, "part": "controls" },
      { "x": 0, "y": 0, "part": "vehicle_clock" },
      { "x": 0, "y": 0, "part": "vehicle_alarm" },
      { "x": 0, "y": 0, "part": "stereo" },
      { "x": 0, "y": 0, "part": "horn_car" },
      { "x": 0, "y": 0, "part": "roof" },
      { "x": 0, "y": 1, "part": "frame_vertical_2" },
      { "x": 0, "y": 1, "part": "reclining_seat" },
      { "x": 0, "y": 1, "part": "seatbelt" },
      { "x": 0, "y": 1, "part": "roof" },
      { "x": 0, "y": -1, "part": "frame_vertical" },
      { "x": 0, "y": -1, "part": "door" },
      { "x": 0, "y": 2, "part": "frame_vertical" },
      { "x": 0, "y": 2, "part": "door" },
      { "x": -1, "y": 0, "part": "frame_vertical_2" },
      { "x": -1, "y": 0, "part": "seat" },
      { "x": -1, "y": 0, "part": "seatbelt" },
      { "x": -1, "y": 0, "part": "roof" },
      { "x": -1, "y": 1, "part": "frame_vertical_2" },
      { "x": -1, "y": 1, "part": "seat" },
      { "x": -1, "y": 1, "part": "seatbelt" },
      { "x": -1, "y": 1, "part": "roof" },
      { "x": -1, "y": -1, "part": "frame_vertical" },
      { "x": -1, "y": -1, "part": "door" },
      { "x": -1, "y": 2, "part": "frame_vertical" },
      { "x": -1, "y": 2, "part": "door" },
      { "x": 1, "y": 0, "part": "frame_horizontal" },
      { "x": 1, "y": 0, "part": "windshield" },
      { "x": 1, "y": 1, "part": "frame_horizontal" },
      { "x": 1, "y": 1, "part": "windshield" },
      { "x": 1, "y": -1, "part": "frame_vertical" },
      { "x": 1, "y": -1, "part": "windshield" },
      { "x": 1, "y": 2, "part": "frame_vertical" },
      { "x": 1, "y": 2, "part": "windshield" },
      { "x": 2, "y": 0, "part": "frame_horizontal" },
      { "x": 2, "y": 0, "part": "halfboard_horizontal" },
      { "x": 2, "y": 0, "part": "engine_inline4" },
      { "x": 2, "y": 0, "part": "alternator_car" },
      { "x": 2, "y": 0, "part": "battery_car" },
      { "x": 2, "y": 1, "part": "frame_horizontal" },
      { "x": 2, "y": 1, "part": "halfboard_horizontal" },
      { "x": 2, "y": -1, "part": "frame_nw" },
      { "x": 2, "y": -1, "part": "halfboard_nw" },
      { "x": 2, "y": -1, "part": "wheel_steerable" },
      { "x": 2, "y": -1, "part": "headlight" },
      { "x": 2, "y": 2, "part": "frame_ne" },
      { "x": 2, "y": 2, "part": "halfboard_ne" },
      { "x": 2, "y": 2, "part": "wheel_steerable" },
      { "x": 2, "y": 2, "part": "headlight" },
      { "x": -2, "y": 0, "part": "frame_vertical" },
      { "x": -2, "y": 0, "part": "trunk" },
      { "x": -2, "y": 0, "part": "muffler" },
      { "x": -2, "y": 0, "part": "roof" },
      { "x": -2, "y": 1, "part": "frame_vertical" },
      { "x": -2, "y": 1, "part": "trunk" },
      { "x": -2, "y": 1, "part": "roof" },
      { "x": -2, "y": -1, "part": "frame_vertical" },
      { "x": -2, "y": -1, "part": "halfboard_vertical" },
      { "x": -2, "y": -1, "part": "tank", "fuel": "gasoline" },
      { "x": -2, "y": 2, "part": "frame_vertical" },
      { "x": -2, "y": 2, "part": "halfboard_vertical" },
      { "x": -3, "y": -1, "part": "frame_horizontal" },
      { "x": -3, "y": -1, "part": "halfboard_sw" },
      { "x": -3, "y": -1, "part": "wheel" },
      { "x": -3, "y": 0, "part": "frame_horizontal" },
      { "x": -3, "y": 0, "part": "door_trunk" },
      { "x": -3, "y": 1, "part": "frame_horizontal" },
      { "x": -3, "y": 1, "part": "door_trunk" },
      { "x": -3, "y": 2, "part": "frame_horizontal" },
      { "x": -3, "y": 2, "part": "halfboard_se" },
      { "x": -3, "y": 2, "part": "wheel" }
    ],
    "items": [
      { "x": 0, "y": 0, "chance": 14, "item_groups": [ "car_misc" ] },
      { "x": 0, "y": 0, "chance": 5, "item_groups": [ "snacks" ] },
      { "x": 0, "y": 1, "chance": 8, "item_groups": [ "car_misc" ] },
      { "x": 0, "y": 1, "chance": 2, "item_groups": [ "fast_food" ] },
      { "x": -2, "y": 0, "chance": 11, "item_groups": [ "car_kit" ] },
      { "x": -2, "y": 1, "chance": 15, "item_groups": [ "car_kit" ] },
      { "x": -2, "y": 1, "chance": 15, "items": [ "jack_small", "wheel" ] }
    ]
  },
  {
    "id": "car_chassis",
    "type": "vehicle",
    "name": "Car Chassis",
    "blueprint": [
      [ "o----o" ],
      [ "|==#-|" ],
      [ "|===-|" ],
      [ "o----o" ]
    ],
    "parts": [
      { "x": 0, "y": 0, "part": "frame_vertical_2" },
      { "x": 0, "y": 0, "part": "seat" },
      { "x": 0, "y": 1, "part": "frame_vertical_2" },
      { "x": 0, "y": -1, "part": "frame_vertical" },
      { "x": 0, "y": 2, "part": "frame_vertical" },
      { "x": -1, "y": 0, "part": "frame_vertical_2" },
      { "x": -1, "y": 1, "part": "frame_vertical_2" },
      { "x": -1, "y": -1, "part": "frame_vertical" },
      { "x": -1, "y": 2, "part": "frame_vertical" },
      { "x": 1, "y": 0, "part": "frame_horizontal" },
      { "x": 1, "y": 1, "part": "frame_horizontal" },
      { "x": 1, "y": -1, "part": "frame_vertical" },
      { "x": 1, "y": 2, "part": "frame_vertical" },
      { "x": 2, "y": 0, "part": "frame_horizontal" },
      { "x": 2, "y": 0, "part": "halfboard_horizontal" },
      { "x": 2, "y": 1, "part": "frame_horizontal" },
      { "x": 2, "y": 1, "part": "halfboard_horizontal" },
      { "x": 2, "y": -1, "part": "frame_nw" },
      { "x": 2, "y": -1, "part": "halfboard_nw" },
      { "x": 2, "y": -1, "part": "wheel_steerable" },
      { "x": 2, "y": 2, "part": "frame_ne" },
      { "x": 2, "y": 2, "part": "halfboard_ne" },
      { "x": 2, "y": 2, "part": "wheel_steerable" },
      { "x": -2, "y": 0, "part": "frame_vertical" },
      { "x": -2, "y": 1, "part": "frame_vertical" },
      { "x": -2, "y": -1, "part": "frame_vertical" },
      { "x": -2, "y": -1, "part": "halfboard_vertical" },
      { "x": -2, "y": -1, "part": "tank", "fuel": "gasoline" },
      { "x": -2, "y": 2, "part": "frame_vertical" },
      { "x": -2, "y": 2, "part": "halfboard_vertical" },
      { "x": -3, "y": -1, "part": "frame_horizontal" },
      { "x": -3, "y": -1, "part": "halfboard_sw" },
      { "x": -3, "y": -1, "part": "wheel" },
      { "x": -3, "y": 0, "part": "frame_horizontal" },
      { "x": -3, "y": 1, "part": "frame_horizontal" },
      { "x": -3, "y": 2, "part": "frame_horizontal" },
      { "x": -3, "y": 2, "part": "halfboard_se" },
      { "x": -3, "y": 2, "part": "wheel" }
    ]
  },
  {
    "id": "car_mini",
    "type": "vehicle",
    "name": "Hatchback",
    "blueprint": [
      [ "o+-o" ],
      [ "+#'|" ],
      [ "+#'|" ],
      [ "o+-o" ]
    ],
    "parts": [
      { "x": 0, "y": 0, "part": "frame_vertical_2" },
      { "x": 0, "y": 0, "part": "seat" },
      { "x": 0, "y": 0, "part": "seatbelt" },
      { "x": 0, "y": 0, "part": "controls" },
      { "x": 0, "y": 0, "part": "vehicle_clock" },
      { "x": 0, "y": 0, "part": "vehicle_alarm" },
      { "x": 0, "y": 0, "part": "horn_car" },
      { "x": 0, "y": 0, "part": "roof" },
      { "x": 0, "y": 1, "part": "frame_vertical_2" },
      { "x": 0, "y": 1, "part": "seat" },
      { "x": 0, "y": 1, "part": "seatbelt" },
      { "x": 0, "y": 1, "part": "roof" },
      { "x": 0, "y": -1, "part": "frame_vertical" },
      { "x": 0, "y": -1, "part": "door" },
      { "x": 0, "y": 2, "part": "frame_vertical" },
      { "x": 0, "y": 2, "part": "door" },
      { "x": 1, "y": 0, "part": "frame_horizontal" },
      { "x": 1, "y": 0, "part": "windshield" },
      { "x": 1, "y": 1, "part": "frame_horizontal" },
      { "x": 1, "y": 1, "part": "windshield" },
      { "x": 1, "y": -1, "part": "frame_vertical" },
      { "x": 1, "y": -1, "part": "windshield" },
      { "x": 1, "y": 2, "part": "frame_vertical" },
      { "x": 1, "y": 2, "part": "windshield" },
      { "x": 2, "y": 0, "part": "frame_horizontal" },
      { "x": 2, "y": 0, "part": "halfboard_horizontal" },
      { "x": 2, "y": 0, "part": "engine_inline4" },
      { "x": 2, "y": 0, "part": "alternator_car" },
      { "x": 2, "y": 0, "part": "battery_car" },
      { "x": 2, "y": 1, "part": "frame_horizontal" },
      { "x": 2, "y": 1, "part": "halfboard_horizontal" },
      { "x": 2, "y": -1, "part": "frame_nw" },
      { "x": 2, "y": -1, "part": "halfboard_nw" },
      { "x": 2, "y": -1, "part": "wheel_steerable" },
      { "x": 2, "y": -1, "part": "headlight" },
      { "x": 2, "y": 2, "part": "frame_ne" },
      { "x": 2, "y": 2, "part": "halfboard_ne" },
      { "x": 2, "y": 2, "part": "wheel_steerable" },
      { "x": 2, "y": 2, "part": "headlight" },
      { "x": -1, "y": -1, "part": "frame_horizontal" },
      { "x": -1, "y": -1, "part": "tank_small", "fuel": "gasoline" },
      { "x": -1, "y": -1, "part": "halfboard_sw" },
      { "x": -1, "y": -1, "part": "wheel" },
      { "x": -1, "y": 0, "part": "frame_horizontal" },
      { "x": -1, "y": 0, "part": "hatch" },
      { "x": -1, "y": 0, "part": "muffler" },
      { "x": -1, "y": 1, "part": "frame_horizontal" },
      { "x": -1, "y": 1, "part": "hatch" },
      { "x": -1, "y": 2, "part": "frame_horizontal" },
      { "x": -1, "y": 2, "part": "tank_small", "fuel": "gasoline" },
      { "x": -1, "y": 2, "part": "halfboard_se" },
      { "x": -1, "y": 2, "part": "wheel" }
    ],
    "items": [
      { "x": 0, "y": 0, "chance": 5, "item_groups": [ "car_misc" ] },
      { "x": -1, "y": 0, "chance": 5, "items": [ "mag_glam" ] }
    ]
  },
  {
    "id": "car_sports",
    "type": "vehicle",
    "name": "Sports Car",
    "blueprint": [
      [ "o-+-o" ],
      [ "+=#'|" ],
      [ "+=#'|" ],
      [ "o-+-o" ]
    ],
    "parts": [
      { "x": 0, "y": 0, "part": "frame_vertical_2" },
      { "x": 0, "y": 0, "part": "seat" },
      { "x": 0, "y": 0, "part": "seatbelt" },
      { "x": 0, "y": 0, "part": "controls" },
      { "x": 0, "y": 0, "part": "vehicle_alarm" },
      { "x": 0, "y": 0, "part": "horn_car" },
      { "x": 0, "y": 0, "part": "roof" },
      { "x": 0, "y": 1, "part": "frame_vertical_2" },
      { "x": 0, "y": 1, "part": "seat" },
      { "x": 0, "y": 1, "part": "seatbelt" },
      { "x": 0, "y": 1, "part": "roof" },
      { "x": 0, "y": -1, "part": "frame_vertical" },
      { "x": 0, "y": -1, "part": "door" },
      { "x": 0, "y": 2, "part": "frame_vertical" },
      { "x": 0, "y": 2, "part": "door" },
      { "x": 1, "y": 0, "part": "frame_horizontal" },
      { "x": 1, "y": 0, "part": "windshield" },
      { "x": 1, "y": 1, "part": "frame_horizontal" },
      { "x": 1, "y": 1, "part": "windshield" },
      { "x": 1, "y": -1, "part": "frame_vertical" },
      { "x": 1, "y": -1, "part": "windshield" },
      { "x": 1, "y": 2, "part": "frame_vertical" },
      { "x": 1, "y": 2, "part": "windshield" },
      { "x": 2, "y": 0, "part": "frame_horizontal" },
      { "x": 2, "y": 0, "part": "halfboard_horizontal" },
      { "x": 2, "y": 0, "part": "engine_v12" },
      { "x": 2, "y": 0, "part": "alternator_car" },
      { "x": 2, "y": 0, "part": "battery_car" },
      { "x": 2, "y": 1, "part": "frame_horizontal" },
      { "x": 2, "y": 1, "part": "halfboard_horizontal" },
      { "x": 2, "y": -1, "part": "frame_nw" },
      { "x": 2, "y": -1, "part": "halfboard_nw" },
      { "x": 2, "y": -1, "part": "wheel_steerable" },
      { "x": 2, "y": -1, "part": "headlight" },
      { "x": 2, "y": 2, "part": "frame_ne" },
      { "x": 2, "y": 2, "part": "halfboard_ne" },
      { "x": 2, "y": 2, "part": "wheel_steerable" },
      { "x": 2, "y": 2, "part": "headlight" },
      { "x": -1, "y": 0, "part": "frame_vertical" },
      { "x": -1, "y": 0, "part": "trunk" },
      { "x": -1, "y": 0, "part": "muffler" },
      { "x": -1, "y": 0, "part": "roof" },
      { "x": -1, "y": 1, "part": "frame_vertical" },
      { "x": -1, "y": 1, "part": "trunk" },
      { "x": -1, "y": 1, "part": "roof" },
      { "x": -1, "y": -1, "part": "frame_vertical" },
      { "x": -1, "y": -1, "part": "halfboard_vertical" },
      { "x": -1, "y": -1, "part": "tank", "fuel": "gasoline" },
      { "x": -1, "y": 2, "part": "frame_vertical" },
      { "x": -1, "y": 2, "part": "halfboard_vertical" },
      { "x": -2, "y": -1, "part": "frame_horizontal" },
      { "x": -2, "y": -1, "part": "halfboard_sw" },
      { "x": -2, "y": -1, "part": "wheel_steerable" },
      { "x": -2, "y": 0, "part": "frame_horizontal" },
      { "x": -2, "y": 0, "part": "door_trunk" },
      { "x": -2, "y": 1, "part": "frame_horizontal" },
      { "x": -2, "y": 1, "part": "door_trunk" },
      { "x": -2, "y": 2, "part": "frame_horizontal" },
      { "x": -2, "y": 2, "part": "halfboard_se" },
      { "x": -2, "y": 2, "part": "wheel_steerable" }
    ],
    "items": [
      { "x": 0, "y": 0, "chance": 10, "item_groups": [ "snacks_fancy" ] },
      { "x": 0, "y": 1, "chance": 10, "item_groups": [ "snacks_fancy" ] }
    ]
  },
  {
    "id": "car_sports_atomic",
    "type": "vehicle",
    "name": "Atomic Sports Car",
    "blueprint": [
      [ "o--+-o" ],
      [ "=>'#'|" ],
      [ "=>'#'|" ],
      [ "o--+-o" ]
    ],
    "parts": [
      { "x": 0, "y": 0, "part": "frame_vertical_2" },
      { "x": 0, "y": 0, "part": "seat" },
      { "x": 0, "y": 0, "part": "seatbelt" },
      { "x": 0, "y": 0, "part": "controls" },
      { "x": 0, "y": 0, "part": "vehicle_alarm" },
      { "x": 0, "y": 0, "part": "stereo" },
      { "x": 0, "y": 0, "part": "horn_car" },
      { "x": 0, "y": 0, "part": "roof" },
      { "x": 0, "y": 1, "part": "frame_vertical_2" },
      { "x": 0, "y": 1, "part": "seat" },
      { "x": 0, "y": 1, "part": "seatbelt" },
      { "x": 0, "y": 1, "part": "roof" },
      { "x": 0, "y": -1, "part": "frame_vertical" },
      { "x": 0, "y": -1, "part": "door" },
      { "x": 0, "y": 2, "part": "frame_vertical" },
      { "x": 0, "y": 2, "part": "door" },
      { "x": -1, "y": 0, "part": "frame_vertical_2" },
      { "x": -1, "y": 0, "part": "windshield" },
      { "x": -1, "y": 0, "part": "roof" },
      { "x": -1, "y": 1, "part": "frame_vertical_2" },
      { "x": -1, "y": 1, "part": "windshield" },
      { "x": -1, "y": 1, "part": "roof" },
      { "x": -1, "y": -1, "part": "frame_vertical" },
      { "x": -1, "y": -1, "part": "halfboard_sw" },
      { "x": -1, "y": 2, "part": "frame_vertical" },
      { "x": -1, "y": 2, "part": "halfboard_se" },
      { "x": 1, "y": 0, "part": "frame_horizontal" },
      { "x": 1, "y": 0, "part": "windshield" },
      { "x": 1, "y": 1, "part": "frame_horizontal" },
      { "x": 1, "y": 1, "part": "windshield" },
      { "x": 1, "y": -1, "part": "frame_vertical" },
      { "x": 1, "y": -1, "part": "windshield" },
      { "x": 1, "y": 2, "part": "frame_vertical" },
      { "x": 1, "y": 2, "part": "windshield" },
      { "x": 2, "y": 0, "part": "frame_horizontal" },
      { "x": 2, "y": 0, "part": "halfboard_horizontal" },
      { "x": 2, "y": 1, "part": "frame_horizontal" },
      { "x": 2, "y": 1, "part": "halfboard_horizontal" },
      { "x": 2, "y": -1, "part": "frame_nw" },
      { "x": 2, "y": -1, "part": "halfboard_nw" },
      { "x": 2, "y": -1, "part": "wheel_steerable" },
      { "x": 2, "y": -1, "part": "headlight" },
      { "x": 2, "y": 2, "part": "frame_ne" },
      { "x": 2, "y": 2, "part": "halfboard_ne" },
      { "x": 2, "y": 2, "part": "wheel_steerable" },
      { "x": 2, "y": 2, "part": "headlight" },
      { "x": -2, "y": 0, "part": "hdframe_vertical" },
      { "x": -2, "y": 0, "part": "minireactor" },
      { "x": -2, "y": 0, "part": "halfboard_cover" },
      { "x": -2, "y": 0, "part": "plating_steel" },
      { "x": -2, "y": 1, "part": "hdframe_vertical" },
      { "x": -2, "y": 1, "part": "storage_battery_mount" },
      { "x": -2, "y": 1, "part": "storage_battery_removable" },
      { "x": -2, "y": 1, "part": "halfboard_cover" },
      { "x": -2, "y": 1, "part": "plating_steel" },
      { "x": -2, "y": -1, "part": "frame_vertical" },
      { "x": -2, "y": -1, "part": "halfboard_vertical" },
      { "x": -2, "y": 2, "part": "frame_vertical" },
      { "x": -2, "y": 2, "part": "halfboard_vertical" },
      { "x": -3, "y": -1, "part": "frame_horizontal" },
      { "x": -3, "y": -1, "part": "halfboard_sw" },
      { "x": -3, "y": -1, "part": "wheel_steerable" },
      { "x": -3, "y": 0, "part": "hdframe_horizontal" },
      { "x": -3, "y": 0, "part": "halfboard_vertical_2" },
      { "x": -3, "y": 0, "part": "engine_electric_enhanced" },
      { "x": -3, "y": 0, "part": "plating_steel" },
      { "x": -3, "y": 1, "part": "hdframe_horizontal" },
      { "x": -3, "y": 1, "part": "halfboard_vertical_2" },
      { "x": -3, "y": 1, "part": "engine_electric_enhanced" },
      { "x": -3, "y": 1, "part": "plating_steel" },
      { "x": -3, "y": 2, "part": "frame_horizontal" },
      { "x": -3, "y": 2, "part": "halfboard_se" },
      { "x": -3, "y": 2, "part": "wheel_steerable" }
    ],
    "items": [
      { "x": 0, "y": 0, "chance": 16, "items": [ "coke" ] },
      { "x": 0, "y": 0, "chance": 8, "item_groups": [ "snacks_fancy" ] },
      { "x": 0, "y": 1, "chance": 10, "item_groups": [ "snacks_fancy" ] },
      { "x": 0, "y": 1, "chance": 5, "item_groups": [ "female_underwear" ] }
    ]
  },
  {
    "id": "car_sports_electric",
    "type": "vehicle",
    "name": "Electric Sports Car",
    "blueprint": [
      [ "o-+-o" ],
      [ "+=#'|" ],
      [ "+=#'|" ],
      [ "o-+-o" ]
    ],
    "parts": [
      { "x": 0, "y": 0, "part": "frame_vertical_2" },
      { "x": 0, "y": 0, "part": "seat" },
      { "x": 0, "y": 0, "part": "seatbelt" },
      { "x": 0, "y": 0, "part": "controls" },
      { "x": 0, "y": 0, "part": "vehicle_alarm" },
      { "x": 0, "y": 0, "part": "horn_car" },
      { "x": 0, "y": 0, "part": "roof" },
      { "x": 0, "y": 1, "part": "frame_vertical_2" },
      { "x": 0, "y": 1, "part": "seat" },
      { "x": 0, "y": 1, "part": "seatbelt" },
      { "x": 0, "y": 1, "part": "roof" },
      { "x": 0, "y": -1, "part": "xlframe_vertical" },
      { "x": 0, "y": -1, "part": "door" },
      { "x": 0, "y": 2, "part": "xlframe_vertical" },
      { "x": 0, "y": 2, "part": "door" },
      { "x": 1, "y": 0, "part": "xlframe_horizontal" },
      { "x": 1, "y": 0, "part": "windshield" },
      { "x": 1, "y": 1, "part": "xlframe_horizontal" },
      { "x": 1, "y": 1, "part": "windshield" },
      { "x": 1, "y": -1, "part": "xlframe_vertical" },
      { "x": 1, "y": -1, "part": "windshield" },
      { "x": 1, "y": 2, "part": "xlframe_vertical" },
      { "x": 1, "y": 2, "part": "windshield" },
      { "x": 2, "y": 0, "part": "xlframe_horizontal" },
      { "x": 2, "y": 0, "part": "xlhalfboard_horizontal" },
      { "x": 2, "y": 0, "part": "engine_electric_enhanced" },
      { "x": 2, "y": 0, "part": "storage_battery" },
      { "x": 2, "y": 1, "part": "xlframe_horizontal" },
      { "x": 2, "y": 1, "part": "engine_electric_enhanced" },
      { "x": 2, "y": 1, "part": "storage_battery" },
      { "x": 2, "y": 1, "part": "xlhalfboard_horizontal" },
      { "x": 2, "y": -1, "part": "xlframe_nw" },
      { "x": 2, "y": -1, "part": "xlhalfboard_nw" },
      { "x": 2, "y": -1, "part": "wheel_steerable" },
      { "x": 2, "y": -1, "part": "headlight" },
      { "x": 2, "y": 2, "part": "xlframe_ne" },
      { "x": 2, "y": 2, "part": "xlhalfboard_ne" },
      { "x": 2, "y": 2, "part": "wheel_steerable" },
      { "x": 2, "y": 2, "part": "headlight" },
      { "x": -1, "y": 0, "part": "frame_vertical" },
      { "x": -1, "y": 0, "part": "storage_battery" },
      { "x": -1, "y": 0, "part": "trunk" },
      { "x": -1, "y": 0, "part": "roof" },
      { "x": -1, "y": 1, "part": "frame_vertical" },
      { "x": -1, "y": 1, "part": "storage_battery" },
      { "x": -1, "y": 1, "part": "trunk" },
      { "x": -1, "y": 1, "part": "roof" },
      { "x": -1, "y": -1, "part": "xlframe_vertical" },
      { "x": -1, "y": -1, "part": "xlhalfboard_vertical" },
      { "x": -1, "y": 2, "part": "xlframe_vertical" },
      { "x": -1, "y": 2, "part": "xlhalfboard_vertical" },
      { "x": -2, "y": -1, "part": "xlframe_horizontal" },
      { "x": -2, "y": -1, "part": "xlhalfboard_sw" },
      { "x": -2, "y": -1, "part": "wheel_steerable" },
      { "x": -2, "y": 0, "part": "xlframe_horizontal" },
      { "x": -2, "y": 0, "part": "door_trunk" },
      { "x": -2, "y": 1, "part": "xlframe_horizontal" },
      { "x": -2, "y": 1, "part": "door_trunk" },
      { "x": -2, "y": 2, "part": "xlframe_horizontal" },
      { "x": -2, "y": 2, "part": "xlhalfboard_se" },
      { "x": -2, "y": 2, "part": "wheel_steerable" }
    ],
    "items": [ { "x": -1, "y": 0, "chance": 8, "items": [ "sm_extinguisher" ] } ]
  },
  {
    "id": "electric_car",
    "type": "vehicle",
    "name": "Electric Car",
    "blueprint": [
      [ "##++-o" ],
      [ "+=##'|" ],
      [ "+=##'|" ],
      [ "##++-o" ]
    ],
    "parts": [
      { "x": 0, "y": 0, "part": "xlframe_vertical_2" },
      { "x": 0, "y": 0, "part": "seat" },
      { "x": 0, "y": 0, "part": "seatbelt" },
      { "x": 0, "y": 0, "part": "controls" },
      { "x": 0, "y": 0, "part": "vehicle_clock" },
      { "x": 0, "y": 0, "part": "vehicle_alarm" },
      { "x": 0, "y": 0, "part": "horn_car" },
      { "x": 0, "y": 0, "part": "roof" },
      { "x": 0, "y": 1, "part": "xlframe_vertical_2" },
      { "x": 0, "y": 1, "part": "seat" },
      { "x": 0, "y": 1, "part": "seatbelt" },
      { "x": 0, "y": 1, "part": "roof" },
      { "x": 0, "y": -1, "part": "xlframe_vertical" },
      { "x": 0, "y": -1, "part": "door" },
      { "x": 0, "y": 2, "part": "xlframe_vertical" },
      { "x": 0, "y": 2, "part": "door" },
      { "x": -1, "y": 0, "part": "xlframe_vertical_2" },
      { "x": -1, "y": 0, "part": "seat" },
      { "x": -1, "y": 0, "part": "seatbelt" },
      { "x": -1, "y": 0, "part": "roof" },
      { "x": -1, "y": 1, "part": "xlframe_vertical_2" },
      { "x": -1, "y": 1, "part": "seat" },
      { "x": -1, "y": 1, "part": "seatbelt" },
      { "x": -1, "y": 1, "part": "roof" },
      { "x": -1, "y": -1, "part": "xlframe_vertical" },
      { "x": -1, "y": -1, "part": "door" },
      { "x": -1, "y": 2, "part": "xlframe_vertical" },
      { "x": -1, "y": 2, "part": "door" },
      { "x": 1, "y": 0, "part": "xlframe_horizontal" },
      { "x": 1, "y": 0, "part": "windshield" },
      { "x": 1, "y": 1, "part": "xlframe_horizontal" },
      { "x": 1, "y": 1, "part": "windshield" },
      { "x": 1, "y": -1, "part": "xlframe_vertical" },
      { "x": 1, "y": -1, "part": "windshield" },
      { "x": 1, "y": 2, "part": "xlframe_vertical" },
      { "x": 1, "y": 2, "part": "windshield" },
      { "x": 2, "y": 0, "part": "xlframe_horizontal" },
      { "x": 2, "y": 0, "part": "halfboard_horizontal" },
      { "x": 2, "y": 0, "part": "engine_electric_large" },
      { "x": 2, "y": 1, "part": "xlframe_horizontal" },
      { "x": 2, "y": 1, "part": "halfboard_horizontal" },
      { "x": 2, "y": -1, "part": "xlframe_nw" },
      { "x": 2, "y": -1, "part": "halfboard_nw" },
      { "x": 2, "y": -1, "part": "headlight" },
      { "x": 2, "y": -1, "part": "wheel_steerable" },
      { "x": 2, "y": 2, "part": "xlframe_ne" },
      { "x": 2, "y": 2, "part": "halfboard_ne" },
      { "x": 2, "y": 2, "part": "headlight" },
      { "x": 2, "y": 2, "part": "wheel_steerable" },
      { "x": -2, "y": 0, "part": "xlframe_vertical" },
      { "x": -2, "y": 0, "part": "trunk" },
      { "x": -2, "y": 0, "part": "roof" },
      { "x": -2, "y": 1, "part": "xlframe_vertical" },
      { "x": -2, "y": 1, "part": "trunk" },
      { "x": -2, "y": 1, "part": "roof" },
      { "x": -2, "y": -1, "part": "xlframe_vertical" },
      { "x": -2, "y": -1, "part": "halfboard_vertical" },
      { "x": -2, "y": -1, "part": "storage_battery_mount" },
      { "x": -2, "y": -1, "part": "storage_battery_removable" },
      { "x": -2, "y": -1, "part": "solar_panel" },
      { "x": -2, "y": 2, "part": "xlframe_vertical" },
      { "x": -2, "y": 2, "part": "halfboard_vertical" },
      { "x": -2, "y": 2, "part": "storage_battery_mount" },
      { "x": -2, "y": 2, "part": "storage_battery_removable" },
      { "x": -2, "y": 2, "part": "solar_panel" },
      { "x": -3, "y": -1, "part": "xlframe_sw" },
      { "x": -3, "y": -1, "part": "halfboard_sw" },
      { "x": -3, "y": -1, "part": "wheel" },
      { "x": -3, "y": -1, "part": "solar_panel" },
      { "x": -3, "y": 0, "part": "xlframe_horizontal" },
      { "x": -3, "y": 0, "part": "door_trunk" },
      { "x": -3, "y": 1, "part": "xlframe_horizontal" },
      { "x": -3, "y": 1, "part": "door_trunk" },
      { "x": -3, "y": 2, "part": "xlframe_se" },
      { "x": -3, "y": 2, "part": "halfboard_se" },
      { "x": -3, "y": 2, "part": "wheel" },
      { "x": -3, "y": 2, "part": "solar_panel" }
    ]
  },
  {
    "id": "electric_car_flame",
    "type": "vehicle",
    "name": "Flaming Electric Car",
    "blueprint": [
      [ "##++-o" ],
      [ "+=##'|" ],
      [ "+=##'|" ],
      [ "##++-o" ]
    ],
    "parts": [
      { "x": 0, "y": 0, "part": "frame_vertical_2" },
      { "x": 0, "y": 0, "part": "seat" },
      { "x": 0, "y": 0, "part": "seatbelt" },
      { "x": 0, "y": 0, "part": "controls" },
      { "x": 0, "y": 0, "part": "roof" },
      { "x": 0, "y": 0, "part": "tank", "fuel": "napalm" },
      { "x": 0, "y": 1, "part": "frame_vertical_2" },
      { "x": 0, "y": 1, "part": "tank", "fuel": "gasoline" },
      { "x": 0, "y": -1, "part": "frame_vertical" },
      { "x": 0, "y": -1, "part": "tank", "fuel": "water_clean" },
      { "x": 0, "y": -1, "part": "laser_rifle" },
      { "x": 0, "y": 2, "part": "frame_vertical" },
      { "x": -1, "y": 0, "part": "frame_vertical_2" },
      { "x": -1, "y": 1, "part": "frame_vertical_2" },
      { "x": -1, "y": -1, "part": "frame_vertical" },
      { "x": -1, "y": -1, "part": "wheel" },
      { "x": -1, "y": -1, "part": "storage_battery" },
      { "x": -1, "y": 2, "part": "frame_vertical" },
      { "x": -1, "y": 2, "part": "wheel" },
      { "x": -1, "y": 2, "part": "storage_battery" },
      { "x": 1, "y": 0, "part": "frame_horizontal" },
      { "x": 1, "y": 0, "part": "engine_electric_large" },
      { "x": 1, "y": 0, "part": "flamethrower" },
      { "x": 1, "y": 1, "part": "frame_horizontal" },
      { "x": 1, "y": 1, "part": "storage_battery_mount", "//": "to make the blazemod happy" },
      { "x": 1, "y": -1, "part": "frame_nw" },
      { "x": 1, "y": -1, "part": "wheel_steerable" },
      { "x": 1, "y": -1, "part": "watercannon" },
      { "x": 1, "y": 2, "part": "frame_ne" },
      { "x": 1, "y": 2, "part": "wheel_steerable" },
      { "x": 1, "y": 2, "part": "tank", "fuel": "water" },
      { "x": 1, "y": 2, "part": "m249", "ammo": 20 }
    ]
  },
  {
    "id": "rara_x",
    "type": "vehicle",
    "name": "Solar Car",
    "blueprint": [
      [ "   ###o " ],
      [ " ###--+-" ],
      [ " ###|B#|" ],
      [ " ###--+-" ],
      [ "   ###o " ]
    ],
    "parts": [
      { "x": -1, "y": 0, "part": "xlframe_vertical_2" },
      { "x": -1, "y": 0, "part": "box" },
      { "x": -1, "y": 0, "part": "engine_electric" },
      { "x": -1, "y": 0, "part": "roof" },
      { "x": -1, "y": 1, "part": "xlframe_vertical_2" },
      { "x": -1, "y": 1, "part": "windshield" },
      { "x": -1, "y": 1, "part": "roof" },
      { "x": -1, "y": -1, "part": "xlframe_vertical_2" },
      { "x": -1, "y": -1, "part": "windshield" },
      { "x": -1, "y": -1, "part": "roof" },
      { "x": -1, "y": 2, "part": "xlframe_vertical" },
      { "x": -1, "y": 2, "part": "windshield" },
      { "x": -1, "y": -2, "part": "xlframe_vertical" },
      { "x": -1, "y": -2, "part": "windshield" },
      { "x": 0, "y": 0, "part": "xlframe_horizontal" },
      { "x": 0, "y": 0, "part": "seat" },
      { "x": 0, "y": 0, "part": "seatbelt" },
      { "x": 0, "y": 0, "part": "roof" },
      { "x": 0, "y": 0, "part": "drive_by_wire_controls" },
      { "x": 0, "y": 0, "part": "vehicle_alarm" },
      { "x": 0, "y": 0, "part": "horn_car" },
      { "x": -1, "y": 0, "part": "headlight" },
      { "x": 0, "y": 1, "part": "xlframe_cross" },
      { "x": 0, "y": 1, "part": "wheel_steerable" },
      { "x": 0, "y": 1, "part": "door" },
      { "x": 0, "y": -1, "part": "xlframe_cross" },
      { "x": 0, "y": -1, "part": "wheel_steerable" },
      { "x": 0, "y": -1, "part": "door" },
      { "x": 0, "y": 2, "part": "xlframe_ne" },
      { "x": 0, "y": -2, "part": "xlframe_nw" },
      { "x": -2, "y": 0, "part": "xlframe_horizontal" },
      { "x": -2, "y": 0, "part": "storage_battery" },
      { "x": -2, "y": 0, "part": "engine_electric" },
      { "x": -2, "y": 0, "part": "windshield" },
      { "x": -2, "y": 0, "part": "roof" },
      { "x": -2, "y": 1, "part": "xlframe_cross" },
      { "x": -2, "y": 1, "part": "windshield" },
      { "x": -2, "y": -1, "part": "xlframe_cross" },
      { "x": -2, "y": -1, "part": "windshield" },
      { "x": -2, "y": 2, "part": "xlframe_sw" },
      { "x": -2, "y": 2, "part": "solar_panel_v2" },
      { "x": -2, "y": -2, "part": "xlframe_se" },
      { "x": -2, "y": -2, "part": "solar_panel_v2" },
      { "x": -3, "y": 2, "part": "xlframe_sw" },
      { "x": -3, "y": 2, "part": "solar_panel_v2" },
      { "x": -3, "y": -2, "part": "xlframe_se" },
      { "x": -3, "y": -2, "part": "solar_panel_v2" },
      { "x": 1, "y": 0, "part": "xlframe_horizontal" },
      { "x": 1, "y": 0, "part": "windshield" },
      { "x": 1, "y": 1, "part": "xlframe_ne" },
      { "x": 1, "y": 1, "part": "windshield" },
      { "x": 1, "y": -1, "part": "xlframe_nw" },
      { "x": 1, "y": -1, "part": "windshield" },
      { "x": -3, "y": 0, "part": "xlframe_horizontal" },
      { "x": -3, "y": 0, "part": "solar_panel_v2" },
      { "x": -3, "y": 1, "part": "xlframe_se" },
      { "x": -3, "y": 1, "part": "solar_panel_v2" },
      { "x": -3, "y": -1, "part": "xlframe_sw" },
      { "x": -3, "y": -1, "part": "solar_panel_v2" },
      { "x": -4, "y": 0, "part": "xlframe_horizontal" },
      { "x": -4, "y": 0, "part": "solar_panel_v2" },
      { "x": -4, "y": 1, "part": "xlframe_se" },
      { "x": -4, "y": 1, "part": "solar_panel_v2" },
      { "x": -4, "y": -1, "part": "xlframe_sw" },
      { "x": -4, "y": -1, "part": "solar_panel_v2" },
      { "x": -5, "y": 0, "part": "xlframe_horizontal" },
      { "x": -5, "y": 0, "part": "solar_panel_v2" },
      { "x": -5, "y": 0, "part": "wheel_steerable" },
      { "x": -5, "y": 1, "part": "xlframe_se" },
      { "x": -5, "y": 1, "part": "solar_panel_v2" },
      { "x": -5, "y": -1, "part": "xlframe_sw" },
      { "x": -5, "y": -1, "part": "solar_panel_v2" }
    ]
  },
  {
    "id": "suv",
    "type": "vehicle",
    "name": "SUV",
    "blueprint": [
      [ "-o-++-o" ],
      [ "+==##'|" ],
      [ "+==##'|" ],
      [ "-o-++-o" ]
    ],
    "parts": [
      { "x": 0, "y": 0, "part": "frame_vertical_2" },
      { "x": 0, "y": 0, "part": "reclining_seat" },
      { "x": 0, "y": 0, "part": "seatbelt" },
      { "x": 0, "y": 0, "part": "controls" },
      { "x": 0, "y": 0, "part": "vehicle_clock" },
      { "x": 0, "y": 0, "part": "vehicle_alarm" },
      { "x": 0, "y": 0, "part": "stereo" },
      { "x": 0, "y": 0, "part": "horn_car" },
      { "x": 0, "y": 0, "part": "roof" },
      { "x": 0, "y": 1, "part": "frame_vertical_2" },
      { "x": 0, "y": 1, "part": "reclining_seat" },
      { "x": 0, "y": 1, "part": "seatbelt" },
      { "x": 0, "y": 1, "part": "roof" },
      { "x": 0, "y": -1, "part": "frame_vertical" },
      { "x": 0, "y": -1, "part": "door" },
      { "x": 0, "y": 2, "part": "frame_vertical" },
      { "x": 0, "y": 2, "part": "door" },
      { "x": -1, "y": 0, "part": "frame_vertical_2" },
      { "x": -1, "y": 0, "part": "seat" },
      { "x": -1, "y": 0, "part": "seatbelt" },
      { "x": -1, "y": 0, "part": "roof" },
      { "x": -1, "y": 1, "part": "frame_vertical_2" },
      { "x": -1, "y": 1, "part": "seat" },
      { "x": -1, "y": 1, "part": "seatbelt" },
      { "x": -1, "y": 1, "part": "roof" },
      { "x": -1, "y": -1, "part": "frame_vertical" },
      { "x": -1, "y": -1, "part": "door" },
      { "x": -1, "y": 2, "part": "frame_vertical" },
      { "x": -1, "y": 2, "part": "door" },
      { "x": 1, "y": 0, "part": "frame_horizontal" },
      { "x": 1, "y": 0, "part": "windshield" },
      { "x": 1, "y": 1, "part": "frame_horizontal" },
      { "x": 1, "y": 1, "part": "windshield" },
      { "x": 1, "y": -1, "part": "frame_vertical" },
      { "x": 1, "y": -1, "part": "windshield" },
      { "x": 1, "y": 2, "part": "frame_vertical" },
      { "x": 1, "y": 2, "part": "windshield" },
      { "x": 2, "y": 0, "part": "frame_horizontal" },
      { "x": 2, "y": 0, "part": "halfboard_nw" },
      { "x": 2, "y": 0, "part": "engine_v6" },
      { "x": 2, "y": 0, "part": "alternator_car" },
      { "x": 2, "y": 0, "part": "battery_car" },
      { "x": 2, "y": 1, "part": "frame_horizontal" },
      { "x": 2, "y": 1, "part": "halfboard_ne" },
      { "x": 2, "y": -1, "part": "frame_nw" },
      { "x": 2, "y": -1, "part": "halfboard_nw" },
      { "x": 2, "y": -1, "part": "wheel_steerable" },
      { "x": 2, "y": -1, "part": "headlight" },
      { "x": 2, "y": 2, "part": "frame_ne" },
      { "x": 2, "y": 2, "part": "halfboard_ne" },
      { "x": 2, "y": 2, "part": "wheel_steerable" },
      { "x": 2, "y": 2, "part": "headlight" },
      { "x": -2, "y": 0, "part": "frame_vertical" },
      { "x": -2, "y": 0, "part": "trunk" },
      { "x": -2, "y": 0, "part": "roof" },
      { "x": -2, "y": 1, "part": "frame_vertical" },
      { "x": -2, "y": 1, "part": "trunk" },
      { "x": -2, "y": 1, "part": "roof" },
      { "x": -2, "y": -1, "part": "frame_vertical" },
      { "x": -2, "y": -1, "part": "halfboard_vertical" },
      { "x": -2, "y": -1, "part": "tank", "fuel": "gasoline" },
      { "x": -2, "y": 2, "part": "frame_vertical" },
      { "x": -2, "y": 2, "part": "halfboard_vertical" },
      { "x": -3, "y": 0, "part": "frame_vertical" },
      { "x": -3, "y": 0, "part": "trunk" },
      { "x": -3, "y": 0, "part": "muffler" },
      { "x": -3, "y": 0, "part": "roof" },
      { "x": -3, "y": 1, "part": "frame_vertical" },
      { "x": -3, "y": 1, "part": "trunk" },
      { "x": -3, "y": 1, "part": "roof" },
      { "x": -3, "y": -1, "part": "frame_vertical" },
      { "x": -3, "y": -1, "part": "halfboard_vertical" },
      { "x": -3, "y": -1, "part": "tank", "fuel": "gasoline" },
      { "x": -3, "y": -1, "part": "wheel" },
      { "x": -3, "y": 2, "part": "frame_vertical" },
      { "x": -3, "y": 2, "part": "halfboard_vertical" },
      { "x": -3, "y": 2, "part": "wheel" },
      { "x": -4, "y": -1, "part": "frame_horizontal" },
      { "x": -4, "y": -1, "part": "halfboard_sw" },
      { "x": -4, "y": 0, "part": "frame_horizontal" },
      { "x": -4, "y": 0, "part": "door_trunk" },
      { "x": -4, "y": 1, "part": "frame_horizontal" },
      { "x": -4, "y": 1, "part": "door_trunk" },
      { "x": -4, "y": 2, "part": "frame_horizontal" },
      { "x": -4, "y": 2, "part": "halfboard_se" }
    ],
    "items": [
      { "x": 0, "y": 0, "chance": 16, "items": [ "cig" ] },
      { "x": 0, "y": 0, "chance": 16, "items": [ "lighter" ] },
      { "x": 0, "y": 1, "chance": 1, "items": [ "roadmap" ] },
      { "x": 0, "y": 1, "chance": 10, "items": [ "flashlight" ] },
      { "x": 0, "y": 1, "chance": 5, "items": [ "1st_aid" ] },
      { "x": -1, "y": 0, "chance": 5, "item_groups": [ "snacks" ] },
      { "x": -1, "y": 0, "chance": 5, "item_groups": [ "fast_food" ] },
      { "x": -1, "y": 1, "chance": 5, "item_groups": [ "snacks" ] },
      { "x": -1, "y": 1, "chance": 5, "item_groups": [ "fast_food" ] },
      { "x": -2, "y": 1, "chance": 5, "items": [ "screwdriver" ] },
      { "x": -2, "y": 1, "chance": 5, "items": [ "scissors" ] },
      { "x": -2, "y": 1, "chance": 5, "items": [ "crowbar" ] },
      { "x": -2, "y": 1, "chance": 5, "items": [ "jumper_cable" ] },
      { "x": -2, "y": 1, "chance": 15, "items": [ "jack_small", "wheel" ] }
    ]
  },
  {
    "id": "suv_electric",
    "type": "vehicle",
    "name": "Electric SUV",
    "blueprint": [
      [ "-o-++-o" ],
      [ "+==##'|" ],
      [ "+==##'|" ],
      [ "-o-++-o" ]
    ],
    "parts": [
      { "x": 0, "y": 0, "part": "xlframe_vertical_2" },
      { "x": 0, "y": 0, "part": "storage_battery" },
      { "x": 0, "y": 0, "part": "reclining_seat" },
      { "x": 0, "y": 0, "part": "seatbelt" },
      { "x": 0, "y": 0, "part": "controls" },
      { "x": 0, "y": 0, "part": "vehicle_clock" },
      { "x": 0, "y": 0, "part": "vehicle_alarm" },
      { "x": 0, "y": 0, "part": "stereo" },
      { "x": 0, "y": 0, "part": "horn_car" },
      { "x": 0, "y": 0, "part": "roof" },
      { "x": 0, "y": 1, "part": "xlframe_vertical_2" },
      { "x": 0, "y": 1, "part": "reclining_seat" },
      { "x": 0, "y": 1, "part": "seatbelt" },
      { "x": 0, "y": 1, "part": "roof" },
      { "x": 0, "y": -1, "part": "xlframe_vertical" },
      { "x": 0, "y": -1, "part": "door" },
      { "x": 0, "y": 2, "part": "xlframe_vertical" },
      { "x": 0, "y": 2, "part": "door" },
      { "x": -1, "y": 0, "part": "xlframe_vertical_2" },
      { "x": -1, "y": 0, "part": "seat" },
      { "x": -1, "y": 0, "part": "seatbelt" },
      { "x": -1, "y": 0, "part": "roof" },
      { "x": -1, "y": 1, "part": "xlframe_vertical_2" },
      { "x": -1, "y": 1, "part": "seat" },
      { "x": -1, "y": 1, "part": "seatbelt" },
      { "x": -1, "y": 1, "part": "roof" },
      { "x": -1, "y": -1, "part": "xlframe_vertical" },
      { "x": -1, "y": -1, "part": "door" },
      { "x": -1, "y": 2, "part": "xlframe_vertical" },
      { "x": -1, "y": 2, "part": "door" },
      { "x": 1, "y": 0, "part": "xlframe_horizontal" },
      { "x": 1, "y": 0, "part": "windshield" },
      { "x": 1, "y": 1, "part": "xlframe_horizontal" },
      { "x": 1, "y": 1, "part": "windshield" },
      { "x": 1, "y": -1, "part": "xlframe_vertical" },
      { "x": 1, "y": -1, "part": "windshield" },
      { "x": 1, "y": 2, "part": "xlframe_vertical" },
      { "x": 1, "y": 2, "part": "windshield" },
      { "x": 2, "y": 0, "part": "xlframe_horizontal" },
      { "x": 2, "y": 0, "part": "halfboard_nw" },
      { "x": 2, "y": 0, "part": "engine_electric_large" },
      { "x": 2, "y": 1, "part": "xlframe_horizontal" },
      { "x": 2, "y": 1, "part": "halfboard_ne" },
      { "x": 2, "y": -1, "part": "xlframe_nw" },
      { "x": 2, "y": -1, "part": "halfboard_nw" },
      { "x": 2, "y": -1, "part": "wheel_steerable" },
      { "x": 2, "y": -1, "part": "headlight" },
      { "x": 2, "y": 2, "part": "xlframe_ne" },
      { "x": 2, "y": 2, "part": "halfboard_ne" },
      { "x": 2, "y": 2, "part": "wheel_steerable" },
      { "x": 2, "y": 2, "part": "headlight" },
      { "x": -2, "y": 0, "part": "xlframe_vertical" },
      { "x": -2, "y": 0, "part": "trunk" },
      { "x": -2, "y": 0, "part": "roof" },
      { "x": -2, "y": 0, "part": "solar_panel" },
      { "x": -2, "y": 1, "part": "xlframe_vertical" },
      { "x": -2, "y": 1, "part": "trunk" },
      { "x": -2, "y": 1, "part": "roof" },
      { "x": -2, "y": 1, "part": "solar_panel" },
      { "x": -2, "y": -1, "part": "xlframe_vertical" },
      { "x": -2, "y": -1, "part": "halfboard_vertical" },
      { "x": -2, "y": 2, "part": "xlframe_vertical" },
      { "x": -2, "y": 2, "part": "halfboard_vertical" },
      { "x": -3, "y": 0, "part": "xlframe_vertical" },
      { "x": -3, "y": 0, "part": "trunk" },
      { "x": -3, "y": 0, "part": "roof" },
      { "x": -3, "y": 0, "part": "solar_panel" },
      { "x": -3, "y": 1, "part": "xlframe_vertical" },
      { "x": -3, "y": 1, "part": "trunk" },
      { "x": -3, "y": 1, "part": "roof" },
      { "x": -3, "y": 1, "part": "solar_panel" },
      { "x": -3, "y": -1, "part": "xlframe_vertical" },
      { "x": -3, "y": -1, "part": "halfboard_vertical" },
      { "x": -3, "y": -1, "part": "wheel" },
      { "x": -3, "y": 2, "part": "xlframe_vertical" },
      { "x": -3, "y": 2, "part": "halfboard_vertical" },
      { "x": -3, "y": 2, "part": "wheel" },
      { "x": -4, "y": -1, "part": "xlframe_horizontal" },
      { "x": -4, "y": -1, "part": "halfboard_sw" },
      { "x": -4, "y": 0, "part": "xlframe_horizontal" },
      { "x": -4, "y": 0, "part": "door_trunk" },
      { "x": -4, "y": 1, "part": "xlframe_horizontal" },
      { "x": -4, "y": 1, "part": "door_trunk" },
      { "x": -4, "y": 2, "part": "xlframe_horizontal" },
      { "x": -4, "y": 2, "part": "halfboard_se" }
    ],
    "items": [
      { "x": 0, "y": 0, "chance": 16, "items": [ "cig" ] },
      { "x": 0, "y": 0, "chance": 16, "items": [ "lighter" ] },
      { "x": 0, "y": 1, "chance": 1, "items": [ "roadmap" ] },
      { "x": 0, "y": 1, "chance": 10, "items": [ "flashlight" ] },
      { "x": 0, "y": 1, "chance": 5, "items": [ "1st_aid" ] },
      { "x": -1, "y": 0, "chance": 5, "item_groups": [ "snacks" ] },
      { "x": -1, "y": 0, "chance": 5, "item_groups": [ "fast_food" ] },
      { "x": -1, "y": 1, "chance": 5, "item_groups": [ "snacks" ] },
      { "x": -1, "y": 1, "chance": 5, "item_groups": [ "fast_food" ] },
      { "x": -2, "y": 1, "chance": 5, "items": [ "screwdriver" ] },
      { "x": -2, "y": 1, "chance": 5, "items": [ "scissors" ] },
      { "x": -2, "y": 1, "chance": 5, "items": [ "crowbar" ] },
      { "x": -2, "y": 1, "chance": 5, "items": [ "jumper_cable" ] },
      { "x": -2, "y": 1, "chance": 15, "items": [ "jack_small", "wheel" ] }
    ]
  }
]
